,home,away,date,gh,ga,full_time,competition,home_ident,away_ident,home_country,away_country,home_code,away_code,home_continent,away_continent,continent,level,home_team,away_team,team,scorer,minute,own_goal,penalty,home_score,away_score,tournament,city,country,neutral,winner,first_shooter,Price,Open,High,Low,Vol.,Change %,next_day
43045,Liverpool FC,As Roma,2001-02-22,0.0,1.0,F,UEFA EL,Liverpool FC (England),As Roma (Italy),england,italy,ENG,IT,Europe,Europe,Europe,international,,,,,,,,,,,,,,,,"6,003.10","5,972.40","6,011.30","5,937.10",,0.51,2001-02-23
43066,Real Madrid,Leeds United,2001-03-06,3.0,2.0,F,UEFA CL,Real Madrid (Spain),Leeds United (England),spain,england,ES,ENG,Europe,Europe,Europe,international,,,,,,,,,,,,,,,,"6,012.00","5,931.30","6,027.60","5,928.00",,1.36,2001-03-07
43072,Bayern Muenchen,Arsenal FC,2001-03-14,1.0,0.0,F,UEFA CL,Bayern Muenchen (Germany),Arsenal FC (England),germany,england,DE,ENG,Europe,Europe,Europe,international,,,,,,,,,,,,,,,,"5,625.90","5,720.70","5,742.10","5,471.10",,-1.66,2001-03-15
43095,Manchester United,Bayern Muenchen,2001-04-03,0.0,1.0,F,UEFA CL,Manchester United (England),Bayern Muenchen (Germany),england,germany,ENG,DE,Europe,Europe,Europe,international,,,,,,,,,,,,,,,,"5,463.10","5,618.50","5,618.50","5,459.60",,-2.77,2001-04-04
43127,Deportivo La Coruna,Leeds United,2001-04-17,2.0,0.0,F,UEFA CL,Deportivo La Coruna (Spain),Leeds United (England),spain,england,ES,ENG,Europe,Europe,Europe,international,,,,,,,,,,,,,,,,"5,761.10","5,766.60","5,774.50","5,654.90",,-0.1,2001-04-18
43128,Valencia CF,Arsenal FC,2001-04-17,1.0,0.0,F,UEFA CL,Valencia CF (Spain),Arsenal FC (England),spain,england,ES,ENG,Europe,Europe,Europe,international,,,,,,,,,,,,,,,,"5,761.10","5,766.60","5,774.50","5,654.90",,-0.1,2001-04-18
43129,Bayern Muenchen,Manchester United,2001-04-18,2.0,1.0,F,UEFA CL,Bayern Muenchen (Germany),Manchester United (England),germany,england,DE,ENG,Europe,Europe,Europe,international,,,,,,,,,,,,,,,,"5,890.20","5,761.10","5,902.60","5,760.70",,2.24,2001-04-19
43165,Valencia CF,Leeds United,2001-05-08,3.0,0.0,F,UEFA CL,Valencia CF (Spain),Leeds United (England),spain,england,ES,ENG,Europe,Europe,Europe,international,,,,,,,,,,,,,,,,"5,886.40","5,870.30","5,893.70","5,842.60",,0.27,2001-05-09
43185,Stade Rennes,Aston Villa,2001-07-25,2.0,1.0,F,UEFA ITC,Stade Rennes (France),Aston Villa (England),france,england,FR,ENG,Europe,Europe,Europe,international,,,,,,,,,,,,,,,,"5,275.70","5,320.20","5,350.10","5,260.50",,-0.84,2001-07-26
43235,Aston Villa,Nk Varazdin Sn,2001-09-13,2.0,3.0,F,UEFA EL,Aston Villa (England),Nk Varazdin Sn (Croatia),england,croatia,ENG,HR,Europe,Europe,Europe,international,,,,,,,,,,,,,,,,"4,943.60","4,882.10","4,946.60","4,847.50",,1.26,2001-09-14
43236,CS Maritimo,Leeds United,2001-09-13,1.0,0.0,F,UEFA EL,CS Maritimo (Portugal),Leeds United (England),portugal,england,PT,ENG,Europe,Europe,Europe,international,,,,,,,,,,,,,,,,"4,943.60","4,882.10","4,946.60","4,847.50",,1.26,2001-09-14
43263,Deportivo La Coruna,Manchester United,2001-09-25,2.0,1.0,F,UEFA CL,Deportivo La Coruna (Spain),Manchester United (England),spain,england,ES,ENG,Europe,Europe,Europe,international,,,,,,,,,,,,,,,,"4,663.40","4,613.90","4,679.60","4,515.30",,1.07,2001-09-26
43266,Panathinaikos,Arsenal FC,2001-09-26,1.0,0.0,F,UEFA CL,Panathinaikos (Greece),Arsenal FC (England),greece,england,GR,ENG,Europe,Europe,Europe,international,,,,,,,,,,,,,,,,"4,696.10","4,663.40","4,715.00","4,606.60",,0.7,2001-09-27
43294,Manchester United,Deportivo La Coruna,2001-10-17,2.0,3.0,F,UEFA CL,Manchester United (England),Deportivo La Coruna (Spain),england,spain,ENG,ES,Europe,Europe,Europe,international,,,,,,,,,,,,,,,,"5,203.40","5,082.60","5,229.60","5,082.60",,2.38,2001-10-18
43297,Hapoel Tel Aviv,Chelsea FC,2001-10-18,2.0,0.0,F,UEFA EL,Hapoel Tel Aviv (Israel),Chelsea FC (England),israel,england,IL,ENG,Europe,Europe,Europe,international,,,,,,,,,,,,,,,,"5,116.00","5,203.40","5,203.40","5,090.20",,-1.68,2001-10-19
43325,FC Schalke 04,Arsenal FC,2001-10-30,3.0,1.0,F,UEFA CL,FC Schalke 04 (Germany),Arsenal FC (England),germany,england,DE,ENG,Europe,Europe,Europe,international,,,,,,,,,,,,,,,,"5,003.60","5,085.90","5,085.90","4,977.30",,-1.62,2001-10-31
43328,Estac Troyes,Leeds United,2001-11-01,3.0,2.0,F,UEFA EL,Estac Troyes (France),Leeds United (England),france,england,FR,ENG,Europe,Europe,Europe,international,,,,,,,,,,,,,,,,"5,071.20","5,039.70","5,071.20","4,988.30",,0.63,2001-11-02
43351,Liverpool FC,FC Barcelona,2001-11-20,1.0,3.0,F,UEFA CL,Liverpool FC (England),FC Barcelona (Spain),england,spain,ENG,ES,Europe,Europe,Europe,international,,,,,,,,,,,,,,,,"5,298.70","5,338.00","5,344.30","5,283.50",,-0.74,2001-11-21
43352,Deportivo La Coruna,Arsenal FC,2001-11-21,2.0,0.0,F,UEFA CL,Deportivo La Coruna (Spain),Arsenal FC (England),spain,england,ES,ENG,Europe,Europe,Europe,international,,,,,,,,,,,,,,,,"5,313.80","5,298.70","5,367.60","5,272.10",,0.28,2001-11-22
43381,Inter,Ipswich Town,2001-12-06,4.0,1.0,F,UEFA EL,Inter (Italy),Ipswich Town (England),italy,england,IT,ENG,Europe,Europe,Europe,international,,,,,,,,,,,,,,,,"5,369.80","5,333.50","5,411.20","5,327.30",,0.68,2001-12-07
43513,Leeds United,PSV Eindhoven,2002-02-28,0.0,1.0,F,UEFA EL,Leeds United (England),PSV Eindhoven (Netherlands),england,netherlands,ENG,NL,Europe,Europe,Europe,international,,,,,,,,,,,,,,,,"5,101.00","5,178.40","5,178.40","5,093.70",,-1.49,2002-03-01
43534,Arsenal FC,Deportivo La Coruna,2002-03-12,0.0,2.0,F,UEFA CL,Arsenal FC (England),Deportivo La Coruna (Spain),england,spain,ENG,ES,Europe,Europe,Europe,international,,,,,,,,,,,,,,,,"5,252.50","5,258.90","5,258.90","5,200.60",,-0.12,2002-03-13
43551,Juventus,Arsenal FC,2002-03-20,1.0,0.0,F,UEFA CL,Juventus (Italy),Arsenal FC (England),italy,england,IT,ENG,Europe,Europe,Europe,international,,,,,,,,,,,,,,,,"5,266.90","5,316.10","5,316.10","5,253.50",,-0.93,2002-03-21
43590,Bayer Leverkusen,Liverpool FC,2002-04-09,4.0,2.0,F,UEFA CL,Bayer Leverkusen (Germany),Liverpool FC (England),germany,england,DE,ENG,Europe,Europe,Europe,international,,,,,,,,,,,,,,,,"5,179.60","5,178.60","5,213.20","5,164.60",,0.02,2002-04-10
43646,Aston Villa,Lille OSC,2002-08-07,0.0,2.0,F,UEFA ITC,Aston Villa (England),Lille OSC (France),england,france,ENG,FR,Europe,Europe,Europe,international,,,,,,,,,,,,,,,,"4,094.40","4,131.00","4,206.90","4,069.00",,-0.89,2002-08-08
43648,Zalaegerszegi Te,Manchester United,2002-08-13,1.0,0.0,F,UEFA CL,Zalaegerszegi Te (Hungary),Manchester United (England),hungary,england,HU,ENG,Europe,Europe,Europe,international,,,,,,,,,,,,,,,,"4,271.70","4,221.60","4,271.70","4,162.50",,1.19,2002-08-14
43714,Valencia CF,Liverpool FC,2002-09-17,2.0,0.0,F,UEFA CL,Valencia CF (Spain),Liverpool FC (England),spain,england,ES,ENG,Europe,Europe,Europe,international,,,,,,,,,,,,,,,,"4,025.10","4,044.30","4,150.20","4,014.70",,-0.47,2002-09-18
43715,Dinamo Kiev,Newcastle United,2002-09-18,2.0,0.0,F,UEFA CL,Dinamo Kiev (Ukraine),Newcastle United (England),ukraine,england,UA,ENG,Europe,Europe,Europe,international,,,,,,,,,,,,,,,,"3,865.40","4,025.10","4,025.10","3,865.40",,-3.97,2002-09-19
43732,Newcastle United,Feyenoord,2002-09-24,0.0,1.0,F,UEFA CL,Newcastle United (England),Feyenoord (Netherlands),england,netherlands,ENG,NL,Europe,Europe,Europe,international,,,,,,,,,,,,,,,,"3,671.10","3,739.40","3,761.10","3,609.90",,-1.83,2002-09-25
43746,Juventus,Newcastle United,2002-10-01,2.0,0.0,F,UEFA CL,Juventus (Italy),Newcastle United (England),italy,england,IT,ENG,Europe,Europe,Europe,international,,,,,,,,,,,,,,,,"3,797.40","3,721.80","3,806.40","3,690.40",,2.03,2002-10-02
43751,Viking FK,Chelsea FC,2002-10-03,4.0,2.0,F,UEFA EL,Viking FK (Norway),Chelsea FC (England),norway,england,NO,ENG,Europe,Europe,Europe,international,,,,,,,,,,,,,,,,"3,880.30","3,905.20","3,961.50","3,855.50",,-0.64,2002-10-04
43775,Arsenal FC,Aj Auxerre,2002-10-22,1.0,2.0,F,UEFA CL,Arsenal FC (England),Aj Auxerre (France),england,france,ENG,FR,Europe,Europe,Europe,international,,,,,,,,,,,,,,,,"4,118.90","4,133.80","4,184.60","4,108.80",,-0.36,2002-10-23
43791,Maccabi Haifa,Manchester United,2002-10-29,3.0,0.0,F,UEFA CL,Maccabi Haifa (Israel),Manchester United (England),israel,england,IL,ENG,Europe,Europe,Europe,international,,,,,,,,,,,,,,,,"3,935.90","4,090.50","4,090.50","3,919.40",,-3.78,2002-10-30
43792,Borussia Dortmund,Arsenal FC,2002-10-30,2.0,1.0,F,UEFA CL,Borussia Dortmund (Germany),Arsenal FC (England),germany,england,DE,ENG,Europe,Europe,Europe,international,,,,,,,,,,,,,,,,"4,002.70","3,935.90","4,002.70","3,934.60",,1.7,2002-10-31
43793,Liverpool FC,Valencia CF,2002-10-30,0.0,1.0,F,UEFA CL,Liverpool FC (England),Valencia CF (Spain),england,spain,ENG,ES,Europe,Europe,Europe,international,,,,,,,,,,,,,,,,"4,002.70","3,935.90","4,002.70","3,934.60",,1.7,2002-10-31
43797,Celtic FC,Blackburn Rovers,2002-10-31,1.0,0.0,F,UEFA EL,Celtic FC (Scotland),Blackburn Rovers (England),scotland,england,SCO,ENG,Europe,Europe,Europe,international,,,,,,,,,,,,,,,,"4,039.70","4,002.70","4,073.00","3,978.70",,0.92,2002-11-01
43822,Slovan Liberec,Ipswich Town,2002-11-14,1.0,0.0,P,UEFA EL,Slovan Liberec (Czech Republic),Ipswich Town (England),czech-republic,england,CZ,ENG,Europe,Europe,Europe,international,,,,,,,,,,,,,,,,"4,053.10","4,029.40","4,064.00","3,985.40",,0.59,2002-11-15
43825,Blackburn Rovers,Celtic FC,2002-11-14,0.0,2.0,F,UEFA EL,Blackburn Rovers (England),Celtic FC (Scotland),england,scotland,ENG,SCO,Europe,Europe,Europe,international,,,,,,,,,,,,,,,,"4,053.10","4,029.40","4,064.00","3,985.40",,0.59,2002-11-15
43847,Newcastle United,Inter,2002-11-27,1.0,4.0,F,UEFA CL,Newcastle United (England),Inter (Italy),england,italy,ENG,IT,Europe,Europe,Europe,international,,,,,,,,,,,,,,,,"4,144.20","4,071.00","4,146.20","4,060.90",,1.8,2002-11-28
43851,Hertha BSC Berlin,Fulham FC,2002-11-28,2.0,1.0,F,UEFA EL,Hertha BSC Berlin (Germany),Fulham FC (England),germany,england,DE,ENG,Europe,Europe,Europe,international,,,,,,,,,,,,,,,,"4,185.40","4,144.20","4,202.20","4,138.90",,0.99,2002-11-29
43873,FC Barcelona,Newcastle United,2002-12-11,3.0,1.0,F,UEFA CL,FC Barcelona (Spain),Newcastle United (England),spain,england,ES,ENG,Europe,Europe,Europe,international,,,,,,,,,,,,,,,,"3,974.90","3,925.00","3,995.00","3,919.90",,1.27,2002-12-12
43876,Leeds United,Malaga CF,2002-12-12,1.0,2.0,F,UEFA EL,Leeds United (England),Malaga CF (Spain),england,spain,ENG,ES,Europe,Europe,Europe,international,,,,,,,,,,,,,,,,"3,935.30","3,974.90","3,982.30","3,916.00",,-1.0,2002-12-13
44021,Deportivo La Coruna,Manchester United,2003-03-18,2.0,0.0,F,UEFA CL,Deportivo La Coruna (Spain),Manchester United (England),spain,england,ES,ENG,Europe,Europe,Europe,international,,,,,,,,,,,,,,,,"3,747.30","3,722.30","3,810.80","3,714.00",,0.67,2003-03-19
44022,Newcastle United,FC Barcelona,2003-03-19,0.0,2.0,F,UEFA CL,Newcastle United (England),FC Barcelona (Spain),england,spain,ENG,ES,Europe,Europe,Europe,international,,,,,,,,,,,,,,,,"3,765.40","3,747.30","3,828.30","3,716.50",,0.48,2003-03-20
44023,Valencia CF,Arsenal FC,2003-03-19,2.0,1.0,F,UEFA CL,Valencia CF (Spain),Arsenal FC (England),spain,england,ES,ENG,Europe,Europe,Europe,international,,,,,,,,,,,,,,,,"3,765.40","3,747.30","3,828.30","3,716.50",,0.48,2003-03-20
44024,Liverpool FC,Celtic FC,2003-03-20,0.0,2.0,F,UEFA EL,Liverpool FC (England),Celtic FC (Scotland),england,scotland,ENG,SCO,Europe,Europe,Europe,international,,,,,,,,,,,,,,,,"3,765.70","3,765.40","3,790.70","3,715.80",,0.01,2003-03-21
44045,Real Madrid,Manchester United,2003-04-08,3.0,1.0,F,UEFA CL,Real Madrid (Spain),Manchester United (England),spain,england,ES,ENG,Europe,Europe,Europe,international,,,,,,,,,,,,,,,,"3,868.80","3,935.80","3,935.80","3,868.50",,-1.7,2003-04-09
44120,Newcastle United,Partizan,2003-08-19,0.0,1.0,P,UEFA CL,Newcastle United (England),Partizan (Serbia),england,serbia,ENG,RS,Europe,Europe,Europe,international,,,,,,,,,,,,,,,,"4,250.80","4,272.10","4,286.90","4,246.30",,-0.5,2003-08-20
44163,Arsenal FC,Inter,2003-09-17,0.0,3.0,F,UEFA CL,Arsenal FC (England),Inter (Italy),england,italy,ENG,IT,Europe,Europe,Europe,international,,,,,,,,,,,,,,,,"4,293.00","4,299.00","4,329.60","4,293.00",,-0.14,2003-09-18
44175,Genclerbirligi,Blackburn Rovers,2003-09-24,3.0,1.0,F,UEFA EL,Genclerbirligi (Turkey),Blackburn Rovers (England),turkey,england,TR,ENG,Europe,Europe,Europe,international,,,,,,,,,,,,,,,,"4,236.40","4,221.70","4,265.30","4,221.70",,0.35,2003-09-25
44190,Chelsea FC,Besiktas,2003-10-01,0.0,2.0,F,UEFA CL,Chelsea FC (England),Besiktas (Turkey),england,turkey,ENG,TR,Europe,Europe,Europe,international,,,,,,,,,,,,,,,,"4,169.20","4,091.30","4,169.20","4,091.30",,1.9,2003-10-02
44191,Vfb Stuttgart,Manchester United,2003-10-01,2.0,1.0,F,UEFA CL,Vfb Stuttgart (Germany),Manchester United (England),germany,england,DE,ENG,Europe,Europe,Europe,international,,,,,,,,,,,,,,,,"4,169.20","4,091.30","4,169.20","4,091.30",,1.9,2003-10-02
44207,Steaua Bucuresti,Southampton FC,2003-10-15,1.0,0.0,F,UEFA EL,Steaua Bucuresti (Romania),Southampton FC (England),romania,england,RO,ENG,Europe,Europe,Europe,international,,,,,,,,,,,,,,,,"4,368.80","4,334.10","4,393.80","4,334.10",,0.8,2003-10-16
44219,Dinamo Kiev,Arsenal FC,2003-10-21,2.0,1.0,F,UEFA CL,Dinamo Kiev (Ukraine),Arsenal FC (England),ukraine,england,UA,ENG,Europe,Europe,Europe,international,,,,,,,,,,,,,,,,"4,352.30","4,347.50","4,377.60","4,347.10",,0.11,2003-10-22
44407,FC Porto,Manchester United,2004-02-25,2.0,1.0,F,UEFA CL,FC Porto (Portugal),Manchester United (England),portugal,england,PT,ENG,Europe,Europe,Europe,international,,,,,,,,,,,,,,,,"4,507.50","4,496.80","4,513.90","4,478.70",,0.24,2004-02-26
44451,Olympique Marseille,Liverpool FC,2004-03-25,2.0,1.0,F,UEFA EL,Olympique Marseille (France),Liverpool FC (England),france,england,FR,ENG,Europe,Europe,Europe,international,,,,,,,,,,,,,,,,"4,373.60","4,309.40","4,373.60","4,309.40",,1.49,2004-03-26
44503,As Monaco,Chelsea FC,2004-04-20,3.0,1.0,F,UEFA CL,As Monaco (France),Chelsea FC (England),france,england,FR,ENG,Europe,Europe,Europe,international,,,,,,,,,,,,,,,,"4,569.00","4,546.20","4,581.70","4,546.20",,0.5,2004-04-21
44527,Olympique Marseille,Newcastle United,2004-05-06,2.0,0.0,F,UEFA EL,Olympique Marseille (France),Newcastle United (England),france,england,FR,ENG,Europe,Europe,Europe,international,,,,,,,,,,,,,,,,"4,516.20","4,569.50","4,571.10","4,511.70",,-1.17,2004-05-07
44573,Liverpool FC,Grazer Ak,2004-08-24,0.0,1.0,F,UEFA CL,Liverpool FC (England),Grazer Ak (Austria),england,austria,ENG,AT,Europe,Europe,Europe,international,,,,,,,,,,,,,,,,"4,407.50","4,405.30","4,421.20","4,402.40",,0.05,2004-08-25
44629,Olympiakos Piraeus,Liverpool FC,2004-09-28,1.0,0.0,F,UEFA CL,Olympiakos Piraeus (Greece),Liverpool FC (England),greece,england,GR,ENG,Europe,Europe,Europe,international,,,,,,,,,,,,,,,,"4,567.30","4,541.20","4,576.20","4,528.10",,0.57,2004-09-29
44633,Ferencvarosi Tc,Millwall FC,2004-09-30,3.0,1.0,F,UEFA EL,Ferencvarosi Tc (Hungary),Millwall FC (England),hungary,england,HU,ENG,Europe,Europe,Europe,international,,,,,,,,,,,,,,,,"4,570.80","4,588.10","4,607.80","4,569.10",,-0.38,2004-10-01
44718,As Monaco,Liverpool FC,2004-11-23,1.0,0.0,F,UEFA CL,As Monaco (France),Liverpool FC (England),france,england,FR,ENG,Europe,Europe,Europe,international,,,,,,,,,,,,,,,,"4,742.40","4,733.10","4,767.70","4,733.10",,0.2,2004-11-24
44723,Villarreal CF,Middlesbrough FC,2004-11-25,2.0,0.0,F,UEFA EL,Villarreal CF (Spain),Middlesbrough FC (England),spain,england,ES,ENG,Europe,Europe,Europe,international,,,,,,,,,,,,,,,,"4,753.40","4,719.40","4,753.40","4,719.40",,0.72,2004-11-26
44745,FC Porto,Chelsea FC,2004-12-07,2.0,1.0,F,UEFA CL,FC Porto (Portugal),Chelsea FC (England),portugal,england,PT,ENG,Europe,Europe,Europe,international,,,,,,,,,,,,,,,,"4,728.70","4,722.80","4,741.50","4,717.30",,0.12,2004-12-08
44747,Fenerbahce,Manchester United,2004-12-08,3.0,0.0,F,UEFA CL,Fenerbahce (Turkey),Manchester United (England),turkey,england,TR,ENG,Europe,Europe,Europe,international,,,,,,,,,,,,,,,,"4,703.90","4,728.70","4,728.70","4,695.60",,-0.52,2004-12-09
44862,Bayern Muenchen,Arsenal FC,2005-02-22,3.0,1.0,F,UEFA CL,Bayern Muenchen (Germany),Arsenal FC (England),germany,england,DE,ENG,Europe,Europe,Europe,international,,,,,,,,,,,,,,,,"5,032.90","5,060.80","5,063.30","5,013.20",,-0.55,2005-02-23
44863,FC Barcelona,Chelsea FC,2005-02-23,2.0,1.0,F,UEFA CL,FC Barcelona (Spain),Chelsea FC (England),spain,england,ES,ENG,Europe,Europe,Europe,international,,,,,,,,,,,,,,,,"4,988.50","5,032.90","5,032.90","4,970.80",,-0.88,2005-02-24
44864,Manchester United,AC Milan,2005-02-23,0.0,1.0,F,UEFA CL,Manchester United (England),AC Milan (Italy),england,italy,ENG,IT,Europe,Europe,Europe,international,,,,,,,,,,,,,,,,"4,988.50","5,032.90","5,032.90","4,970.80",,-0.88,2005-02-24
44886,AC Milan,Manchester United,2005-03-08,1.0,0.0,F,UEFA CL,AC Milan (Italy),Manchester United (England),italy,england,IT,ENG,Europe,Europe,Europe,international,,,,,,,,,,,,,,,,"5,010.90","5,027.20","5,029.60","5,001.90",,-0.32,2005-03-09
44890,Middlesbrough FC,Sporting CP,2005-03-10,2.0,3.0,F,UEFA EL,Middlesbrough FC (England),Sporting CP (Portugal),england,portugal,ENG,PT,Europe,Europe,Europe,international,,,,,,,,,,,,,,,,"4,962.10","4,996.10","4,996.10","4,956.80",,-0.68,2005-03-11
44895,Sporting CP,Middlesbrough FC,2005-03-17,1.0,0.0,F,UEFA EL,Sporting CP (Portugal),Middlesbrough FC (England),portugal,england,PT,ENG,Europe,Europe,Europe,international,,,,,,,,,,,,,,,,"4,922.10","4,937.60","4,952.90","4,920.00",,-0.31,2005-03-18
44929,Bayern Muenchen,Chelsea FC,2005-04-12,3.0,2.0,F,UEFA CL,Bayern Muenchen (Germany),Chelsea FC (England),germany,england,DE,ENG,Europe,Europe,Europe,international,,,,,,,,,,,,,,,,"4,946.20","4,973.20","4,973.80","4,941.10",,-0.54,2005-04-13
44931,Sporting CP,Newcastle United,2005-04-14,4.0,1.0,F,UEFA EL,Sporting CP (Portugal),Newcastle United (England),portugal,england,PT,ENG,Europe,Europe,Europe,international,,,,,,,,,,,,,,,,"4,945.40","4,960.80","4,960.80","4,937.00",,-0.31,2005-04-15
45001,Deportivo La Coruna,Newcastle United,2005-07-27,2.0,1.0,F,UEFA ITC,Deportivo La Coruna (Spain),Newcastle United (England),spain,england,ES,ENG,Europe,Europe,Europe,international,,,,,,,,,,,,,,,,"5,263.60","5,256.20","5,275.20","5,253.50",,0.14,2005-07-28
45003,Newcastle United,Deportivo La Coruna,2005-08-03,1.0,2.0,F,UEFA ITC,Newcastle United (England),Deportivo La Coruna (Spain),england,spain,ENG,ES,Europe,Europe,Europe,international,,,,,,,,,,,,,,,,"5,332.30","5,327.50","5,332.30","5,304.00",,0.09,2005-08-04
45004,Everton FC,Villarreal CF,2005-08-09,1.0,2.0,F,UEFA CL,Everton FC (England),Villarreal CF (Spain),england,spain,ENG,ES,Europe,Europe,Europe,international,,,,,,,,,,,,,,,,"5,363.70","5,344.30","5,363.70","5,342.70",,0.36,2005-08-10
45030,Liverpool FC,CSKA Sofia,2005-08-23,0.0,1.0,F,UEFA CL,Liverpool FC (England),CSKA Sofia (Bulgaria),england,bulgaria,ENG,BG,Europe,Europe,Europe,international,,,,,,,,,,,,,,,,"5,300.20","5,318.40","5,318.40","5,294.80",,-0.34,2005-08-24
45036,Villarreal CF,Everton FC,2005-08-24,2.0,1.0,F,UEFA CL,Villarreal CF (Spain),Everton FC (England),spain,england,ES,ENG,Europe,Europe,Europe,international,,,,,,,,,,,,,,,,"5,275.20","5,300.20","5,300.20","5,270.00",,-0.47,2005-08-25
45061,Dinamo Bucuresti,Everton FC,2005-09-15,5.0,1.0,F,UEFA EL,Dinamo Bucuresti (Romania),Everton FC (England),romania,england,RO,ENG,Europe,Europe,Europe,international,,,,,,,,,,,,,,,,"5,383.50","5,347.40","5,387.10","5,342.50",,0.68,2005-09-16
45136,Real Betis,Chelsea FC,2005-11-01,1.0,0.0,F,UEFA CL,Real Betis (Spain),Chelsea FC (England),spain,england,ES,ENG,Europe,Europe,Europe,international,,,,,,,,,,,,,,,,"5,344.30","5,317.30","5,350.30","5,304.90",,0.51,2005-11-02
45139,Lille OSC,Manchester United,2005-11-02,1.0,0.0,F,UEFA CL,Lille OSC (France),Manchester United (England),france,england,FR,ENG,Europe,Europe,Europe,international,,,,,,,,,,,,,,,,"5,358.60","5,344.30","5,364.70","5,316.00",,0.27,2005-11-03
45190,Sl Benfica,Manchester United,2005-12-07,2.0,1.0,F,UEFA CL,Sl Benfica (Portugal),Manchester United (England),portugal,england,PT,ENG,Europe,Europe,Europe,international,,,,,,,,,,,,,,,,"5,528.80","5,538.80","5,574.00","5,518.40",,-0.18,2005-12-08
45310,Sl Benfica,Liverpool FC,2006-02-21,1.0,0.0,F,UEFA CL,Sl Benfica (Portugal),Liverpool FC (England),portugal,england,PT,ENG,Europe,Europe,Europe,international,,,,,,,,,,,,,,,,"5,857.70","5,863.00","5,888.00","5,856.90",,-0.09,2006-02-22
45312,Chelsea FC,FC Barcelona,2006-02-22,1.0,2.0,F,UEFA CL,Chelsea FC (England),FC Barcelona (Spain),england,spain,ENG,ES,Europe,Europe,Europe,international,,,,,,,,,,,,,,,,"5,872.40","5,857.70","5,877.60","5,836.80",,0.25,2006-02-23
45313,Middlesbrough FC,Vfb Stuttgart,2006-02-23,0.0,1.0,F,UEFA EL,Middlesbrough FC (England),Vfb Stuttgart (Germany),england,germany,ENG,DE,Europe,Europe,Europe,international,,,,,,,,,,,,,,,,"5,836.00","5,872.40","5,878.80","5,829.40",,-0.62,2006-02-24
45314,Olympique Marseille,Bolton Wanderers,2006-02-23,2.0,1.0,F,UEFA EL,Olympique Marseille (France),Bolton Wanderers (England),france,england,FR,ENG,Europe,Europe,Europe,international,,,,,,,,,,,,,,,,"5,836.00","5,872.40","5,878.80","5,829.40",,-0.62,2006-02-24
45335,Liverpool FC,Sl Benfica,2006-03-08,0.0,2.0,F,UEFA CL,Liverpool FC (England),Sl Benfica (Portugal),england,portugal,ENG,PT,Europe,Europe,Europe,international,,,,,,,,,,,,,,,,"5,812.90","5,857.40","5,857.60","5,790.90",,-0.76,2006-03-09
45348,As Roma,Middlesbrough FC,2006-03-15,2.0,1.0,F,UEFA EL,As Roma (Italy),Middlesbrough FC (England),italy,england,IT,ENG,Europe,Europe,Europe,international,,,,,,,,,,,,,,,,"5,965.10","5,950.60","5,980.50","5,950.60",,0.24,2006-03-16
45370,FC Basel,Middlesbrough FC,2006-03-30,2.0,0.0,F,UEFA EL,FC Basel (Switzerland),Middlesbrough FC (England),switzerland,england,CH,ENG,Europe,Europe,Europe,international,,,,,,,,,,,,,,,,"6,015.20","5,959.20","6,036.00","5,959.20",,0.94,2006-03-31
45413,Steaua Bucuresti,Middlesbrough FC,2006-04-20,1.0,0.0,F,UEFA EL,Steaua Bucuresti (Romania),Middlesbrough FC (England),romania,england,RO,ENG,Europe,Europe,Europe,international,,,,,,,,,,,,,,,,"6,081.40","6,089.80","6,113.40","6,074.20",,-0.14,2006-04-21
45449,Middlesbrough FC,Sevilla FC,2006-05-10,0.0,4.0,F,UEFA EL,Middlesbrough FC (England),Sevilla FC (Spain),england,spain,ENG,ES,Europe,Europe,Europe,international,,,,,,,,,,,,,,,,"6,083.40","6,105.60","6,110.00","6,079.60",,-0.36,2006-05-11
45450,FC Barcelona,Arsenal FC,2006-05-17,2.0,1.0,F,UEFA CL,FC Barcelona (Spain),Arsenal FC (England),spain,england,ES,ENG,Europe,Europe,Europe,international,,,,,,,,,,,,,,,,"5,675.50","5,846.20","5,871.60","5,675.50",,-2.92,2006-05-18
45504,West Ham United,US Palermo,2006-09-14,0.0,1.0,F,UEFA EL,West Ham United (England),US Palermo (Italy),england,italy,ENG,IT,Europe,Europe,Europe,international,,,,,,,,,,,,,,,,"5,877.20","5,892.20","5,943.70","5,869.00",,-0.25,2006-09-15
45532,US Palermo,West Ham United,2006-09-28,3.0,0.0,F,UEFA EL,US Palermo (Italy),West Ham United (England),italy,england,IT,ENG,Europe,Europe,Europe,international,,,,,,,,,,,,,,,,"5,971.30","5,930.10","5,978.80","5,930.10",,0.69,2006-09-29
45554,CSka Moskva,Arsenal FC,2006-10-17,1.0,0.0,F,UEFA CL,CSka Moskva (Russia),Arsenal FC (England),russia,england,RU,ENG,Europe,Europe,Europe,international,,,,,,,,,,,,,,,,"6,108.60","6,172.40","6,174.70","6,105.80",,-1.03,2006-10-18
45583,FC Koebenhavn,Manchester United,2006-11-01,1.0,0.0,F,UEFA CL,FC Koebenhavn (Denmark),Manchester United (England),denmark,england,DK,ENG,Europe,Europe,Europe,international,,,,,,,,,,,,,,,,"6,149.60","6,129.20","6,180.70","6,129.20",,0.33,2006-11-02
45618,Celtic FC,Manchester United,2006-11-21,1.0,0.0,F,UEFA CL,Celtic FC (Scotland),Manchester United (England),scotland,england,SCO,ENG,Europe,Europe,Europe,international,,,,,,,,,,,,,,,,"6,202.60","6,204.50","6,228.40","6,199.70",,-0.03,2006-11-22
45620,Werder Bremen,Chelsea FC,2006-11-22,1.0,0.0,F,UEFA CL,Werder Bremen (Germany),Chelsea FC (England),germany,england,DE,ENG,Europe,Europe,Europe,international,,,,,,,,,,,,,,,,"6,160.30","6,202.60","6,233.10","6,146.30",,-0.68,2006-11-23
45653,Galatasaray,Liverpool FC,2006-12-05,3.0,2.0,F,UEFA CL,Galatasaray (Turkey),Liverpool FC (England),turkey,england,TR,ENG,Europe,Europe,Europe,international,,,,,,,,,,,,,,,,"6,086.40","6,050.40","6,097.40","6,047.10",,0.6,2006-12-06
45770,Bayer Leverkusen,Blackburn Rovers,2007-02-14,3.0,2.0,F,UEFA EL,Bayer Leverkusen (Germany),Blackburn Rovers (England),germany,england,DE,ENG,Europe,Europe,Europe,international,,,,,,,,,,,,,,,,"6,421.20","6,381.80","6,421.20","6,378.60",,0.62,2007-02-15
45772,PSV Eindhoven,Arsenal FC,2007-02-20,1.0,0.0,F,UEFA CL,PSV Eindhoven (Netherlands),Arsenal FC (England),netherlands,england,NL,ENG,Europe,Europe,Europe,international,,,,,,,,,,,,,,,,"6,412.30","6,444.40","6,448.10","6,392.40",,-0.5,2007-02-21
45799,Liverpool FC,FC Barcelona,2007-03-06,0.0,1.0,F,UEFA CL,Liverpool FC (England),FC Barcelona (Spain),england,spain,ENG,ES,Europe,Europe,Europe,international,,,,,,,,,,,,,,,,"6,138.50","6,058.70","6,138.50","6,058.70",,1.32,2007-03-07
45807,AZ Alkmaar,Newcastle United,2007-03-15,2.0,0.0,F,UEFA EL,AZ Alkmaar (Netherlands),Newcastle United (England),netherlands,england,NL,ENG,Europe,Europe,Europe,international,,,,,,,,,,,,,,,,"6,133.20","6,000.70","6,133.20","6,000.70",,2.21,2007-03-16
45829,As Roma,Manchester United,2007-04-04,2.0,1.0,F,UEFA CL,As Roma (Italy),Manchester United (England),italy,england,IT,ENG,Europe,Europe,Europe,international,,,,,,,,,,,,,,,,"6,364.70","6,366.10","6,380.50","6,345.90",,-0.02,2007-04-05
45831,Sevilla FC,Tottenham Hotspur,2007-04-05,2.0,1.0,F,UEFA EL,Sevilla FC (Spain),Tottenham Hotspur (England),spain,england,ES,ENG,Europe,Europe,Europe,international,,,,,,,,,,,,,,,,"6,397.30","6,364.70","6,398.70","6,350.30",,0.51,2007-04-06
45888,AC Milan,Manchester United,2007-05-02,3.0,0.0,F,UEFA CL,AC Milan (Italy),Manchester United (England),italy,england,IT,ENG,Europe,Europe,Europe,international,,,,,,,,,,,,,,,,"6,484.50","6,419.60","6,489.00","6,419.60",,1.01,2007-05-03
45911,AC Milan,Liverpool FC,2007-05-23,2.0,1.0,F,UEFA CL,AC Milan (Italy),Liverpool FC (England),italy,england,IT,ENG,Europe,Europe,Europe,international,,,,,,,,,,,,,,,,"6,616.40","6,606.60","6,643.80","6,602.50",,0.15,2007-05-24
45981,Ae Larisa,Blackburn Rovers,2007-09-20,2.0,0.0,F,UEFA EL,Ae Larisa (Greece),Blackburn Rovers (England),greece,england,GR,ENG,Europe,Europe,Europe,international,,,,,,,,,,,,,,,,"6,429.00","6,460.00","6,460.00","6,395.10",,-0.48,2007-09-21
46007,Liverpool FC,Olympique Marseille,2007-10-03,0.0,1.0,F,UEFA CL,Liverpool FC (England),Olympique Marseille (France),england,france,ENG,FR,Europe,Europe,Europe,international,,,,,,,,,,,,,,,,"6,535.20","6,500.40","6,542.80","6,495.00",,0.54,2007-10-04
46035,Besiktas,Liverpool FC,2007-10-24,2.0,1.0,F,UEFA CL,Besiktas (Turkey),Liverpool FC (England),turkey,england,TR,ENG,Europe,Europe,Europe,international,,,,,,,,,,,,,,,,"6,482.00","6,514.00","6,550.90","6,460.90",,-0.49,2007-10-25
46039,Tottenham Hotspur,Getafe CF,2007-10-25,1.0,2.0,F,UEFA EL,Tottenham Hotspur (England),Getafe CF (Spain),england,spain,ENG,ES,Europe,Europe,Europe,international,,,,,,,,,,,,,,,,"6,576.30","6,482.00","6,587.60","6,482.00",,1.45,2007-10-26
46088,Sevilla FC,Arsenal FC,2007-11-27,3.0,1.0,F,UEFA CL,Sevilla FC (Spain),Arsenal FC (England),spain,england,ES,ENG,Europe,Europe,Europe,international,,,,,,,,,,,,,,,,"6,140.70","6,180.50","6,197.10","6,061.80",,-0.64,2007-11-28
46256,Acf Fiorentina,Everton FC,2008-03-06,2.0,0.0,F,UEFA EL,Acf Fiorentina (Italy),Everton FC (England),italy,england,IT,ENG,Europe,Europe,Europe,international,,,,,,,,,,,,,,,,"5,766.40","5,853.50","5,871.10","5,753.10",,-1.49,2008-03-07
46258,Tottenham Hotspur,PSV Eindhoven,2008-03-06,0.0,1.0,F,UEFA EL,Tottenham Hotspur (England),PSV Eindhoven (Netherlands),england,netherlands,ENG,NL,Europe,Europe,Europe,international,,,,,,,,,,,,,,,,"5,766.40","5,853.50","5,871.10","5,753.10",,-1.49,2008-03-07
46271,Sporting CP,Bolton Wanderers,2008-03-13,1.0,0.0,F,UEFA EL,Sporting CP (Portugal),Bolton Wanderers (England),portugal,england,PT,ENG,Europe,Europe,Europe,international,,,,,,,,,,,,,,,,"5,692.40","5,776.40","5,776.40","5,628.90",,-1.45,2008-03-14
46306,Fenerbahce,Chelsea FC,2008-04-02,2.0,1.0,F,UEFA CL,Fenerbahce (Turkey),Chelsea FC (England),turkey,england,TR,ENG,Europe,Europe,Europe,international,,,,,,,,,,,,,,,,"5,915.90","5,852.60","5,920.10","5,827.20",,1.08,2008-04-03
46382,Manchester City,FC Midtjylland,2008-08-14,0.0,1.0,F,UEFA EL,Manchester City (England),FC Midtjylland (Denmark),england,denmark,ENG,DK,Europe,Europe,Europe,international,,,,,,,,,,,,,,,,"5,497.40","5,448.60","5,539.60","5,445.60",,0.9,2008-08-15
46407,Manchester United,Zenit St Petersburg,2008-08-29,1.0,2.0,F,UEFA SC,Manchester United (England),Zenit St Petersburg (Russia),england,russia,ENG,RU,Europe,Europe,Europe,international,,,,,,,,,,,,,,,,"5,636.60","5,601.20","5,649.10","5,587.40",,0.63,2008-08-30
46461,Standard Liege,Everton FC,2008-10-02,2.0,1.0,F,UEFA EL,Standard Liege (Belgium),Everton FC (England),belgium,england,BE,ENG,Europe,Europe,Europe,international,,,,,,,,,,,,,,,,"4,870.30","4,959.60","5,052.00","4,862.10",,-1.8,2008-10-03
46489,Udinese Calcio,Tottenham Hotspur,2008-10-23,2.0,0.0,F,UEFA EL,Udinese Calcio (Italy),Tottenham Hotspur (England),italy,england,IT,ENG,Europe,Europe,Europe,international,,,,,,,,,,,,,,,,"4,087.80","4,040.90","4,108.40","3,927.60",,1.16,2008-10-24
46491,Sporting Braga,Portsmouth FC,2008-10-23,3.0,0.0,F,UEFA EL,Sporting Braga (Portugal),Portsmouth FC (England),portugal,england,PT,ENG,Europe,Europe,Europe,international,,,,,,,,,,,,,,,,"4,087.80","4,040.90","4,108.40","3,927.60",,1.16,2008-10-24
46522,As Roma,Chelsea FC,2008-11-04,3.0,1.0,F,UEFA CL,As Roma (Italy),Chelsea FC (England),italy,england,IT,ENG,Europe,Europe,Europe,international,,,,,,,,,,,,,,,,"4,639.50","4,443.30","4,639.50","4,404.20",,4.42,2008-11-05
46577,Aston Villa,MSk Zilina,2008-12-04,1.0,2.0,F,UEFA EL,Aston Villa (England),MSk Zilina (Slovakia),england,slovakia,ENG,SK,Europe,Europe,Europe,international,,,,,,,,,,,,,,,,"4,163.60","4,170.00","4,261.10","4,090.00",,-0.15,2008-12-05
46578,Vfl Wolfsburg,Portsmouth FC,2008-12-04,3.0,2.0,F,UEFA EL,Vfl Wolfsburg (Germany),Portsmouth FC (England),germany,england,DE,ENG,Europe,Europe,Europe,international,,,,,,,,,,,,,,,,"4,163.60","4,170.00","4,261.10","4,090.00",,-0.15,2008-12-05
46592,FC Porto,Arsenal FC,2008-12-10,2.0,0.0,F,UEFA CL,FC Porto (Portugal),Arsenal FC (England),portugal,england,PT,ENG,Europe,Europe,Europe,international,,,,,,,,,,,,,,,,"4,367.30","4,381.30","4,407.10","4,330.00",,-0.32,2008-12-11
46603,Hamburger SV,Aston Villa,2008-12-17,3.0,1.0,F,UEFA EL,Hamburger SV (Germany),Aston Villa (England),germany,england,DE,ENG,Europe,Europe,Europe,international,,,,,,,,,,,,,,,,"4,324.20","4,309.10","4,341.10","4,231.10",,0.35,2008-12-18
46606,Racing Santander,Manchester City,2008-12-18,3.0,1.0,F,UEFA EL,Racing Santander (Spain),Manchester City (England),spain,england,ES,ENG,Europe,Europe,Europe,international,,,,,,,,,,,,,,,,"4,330.70","4,324.20","4,352.70","4,282.60",,0.15,2008-12-19
46690,Shakhtar Donetsk,Tottenham Hotspur,2009-02-19,2.0,0.0,F,UEFA EL,Shakhtar Donetsk (Ukraine),Tottenham Hotspur (England),ukraine,england,UA,ENG,Europe,Europe,Europe,international,,,,,,,,,,,,,,,,"4,018.40","4,006.80","4,045.20","3,983.90",,0.29,2009-02-20
46706,CSka Moskva,Aston Villa,2009-02-26,2.0,0.0,F,UEFA EL,CSka Moskva (Russia),Aston Villa (England),russia,england,RU,ENG,Europe,Europe,Europe,international,,,,,,,,,,,,,,,,"3,915.60","3,849.00","3,948.20","3,849.00",,1.73,2009-02-27
46731,As Roma,Arsenal FC,2009-03-11,1.0,0.0,P,UEFA CL,As Roma (Italy),Arsenal FC (England),italy,england,IT,ENG,Europe,Europe,Europe,international,,,,,,,,,,,,,,,,"3,693.80","3,715.20","3,763.20","3,652.00",,-0.58,2009-03-12
46744,Aalborg Bk,Manchester City,2009-03-19,2.0,0.0,P,UEFA EL,Aalborg Bk (Denmark),Manchester City (England),denmark,england,DK,ENG,Europe,Europe,Europe,international,,,,,,,,,,,,,,,,"3,816.90","3,805.00","3,912.60","3,793.70",,0.31,2009-03-20
46768,Hamburger SV,Manchester City,2009-04-09,3.0,1.0,F,UEFA EL,Hamburger SV (Germany),Manchester City (England),germany,england,DE,ENG,Europe,Europe,Europe,international,,,,,,,,,,,,,,,,"3,983.70","3,925.50","3,986.30","3,912.00",,1.48,2009-04-10
46848,FC Barcelona,Manchester United,2009-05-27,2.0,0.0,F,UEFA CL,FC Barcelona (Spain),Manchester United (England),spain,england,ES,ENG,Europe,Europe,Europe,international,,,,,,,,,,,,,,,,"4,416.20","4,411.70","4,439.80","4,390.20",,0.1,2009-05-28
46868,Rapid Wien,Aston Villa,2009-08-20,1.0,0.0,F,UEFA EL,Rapid Wien (Austria),Aston Villa (England),austria,england,AT,ENG,Europe,Europe,Europe,international,,,,,,,,,,,,,,,,"4,756.60","4,689.70","4,766.90","4,689.70",,1.43,2009-08-21
46882,FK Amkar Perm,Fulham FC,2009-08-27,1.0,0.0,F,UEFA EL,FK Amkar Perm (Russia),Fulham FC (England),russia,england,RU,ENG,Europe,Europe,Europe,international,,,,,,,,,,,,,,,,"4,869.40","4,890.60","4,906.20","4,855.30",,-0.43,2009-08-28
46931,Acf Fiorentina,Liverpool FC,2009-09-29,2.0,0.0,F,UEFA CL,Acf Fiorentina (Italy),Liverpool FC (England),italy,england,IT,ENG,Europe,Europe,Europe,international,,,,,,,,,,,,,,,,"5,159.70","5,165.70","5,184.00","5,136.50",,-0.12,2009-09-30
46957,Liverpool FC,Olympique Lyon,2009-10-20,1.0,2.0,F,UEFA CL,Liverpool FC (England),Olympique Lyon (France),england,france,ENG,FR,Europe,Europe,Europe,international,,,,,,,,,,,,,,,,"5,243.40","5,281.50","5,298.50","5,243.40",,-0.72,2009-10-21
46961,Sl Benfica,Everton FC,2009-10-22,5.0,0.0,F,UEFA EL,Sl Benfica (Portugal),Everton FC (England),portugal,england,PT,ENG,Europe,Europe,Europe,international,,,,,,,,,,,,,,,,"5,207.40","5,257.90","5,257.90","5,166.50",,-0.96,2009-10-23
46988,As Roma,Fulham FC,2009-11-05,2.0,1.0,F,UEFA EL,As Roma (Italy),Fulham FC (England),italy,england,IT,ENG,Europe,Europe,Europe,international,,,,,,,,,,,,,,,,"5,125.60","5,107.10","5,154.60","5,036.90",,0.35,2009-11-06
46989,Everton FC,Sl Benfica,2009-11-05,0.0,2.0,F,UEFA EL,Everton FC (England),Sl Benfica (Portugal),england,portugal,ENG,PT,Europe,Europe,Europe,international,,,,,,,,,,,,,,,,"5,125.60","5,107.10","5,154.60","5,036.90",,0.35,2009-11-06
47014,Manchester United,Besiktas,2009-11-25,0.0,1.0,F,UEFA CL,Manchester United (England),Besiktas (Turkey),england,turkey,ENG,TR,Europe,Europe,Europe,international,,,,,,,,,,,,,,,,"5,364.80","5,324.00","5,372.20","5,324.00",,0.77,2009-11-26
47040,Liverpool FC,Acf Fiorentina,2009-12-09,1.0,2.0,F,UEFA CL,Liverpool FC (England),Acf Fiorentina (Italy),england,italy,ENG,IT,Europe,Europe,Europe,international,,,,,,,,,,,,,,,,"5,203.90","5,223.10","5,245.90","5,175.70",,-0.37,2009-12-10
47041,Olympiakos Piraeus,Arsenal FC,2009-12-09,1.0,0.0,F,UEFA CL,Olympiakos Piraeus (Greece),Arsenal FC (England),greece,england,GR,ENG,Europe,Europe,Europe,international,,,,,,,,,,,,,,,,"5,203.90","5,223.10","5,245.90","5,175.70",,-0.37,2009-12-10
47061,Everton FC,Bate Borisov,2009-12-17,0.0,1.0,F,UEFA EL,Everton FC (England),Bate Borisov (Belarus),england,belarus,ENG,BY,Europe,Europe,Europe,international,,,,,,,,,,,,,,,,"5,217.60","5,320.30","5,320.30","5,217.60",,-1.93,2009-12-18
47151,FC Porto,Arsenal FC,2010-02-17,2.0,1.0,F,UEFA CL,FC Porto (Portugal),Arsenal FC (England),portugal,england,PT,ENG,Europe,Europe,Europe,international,,,,,,,,,,,,,,,,"5,276.60","5,244.10","5,304.50","5,244.10",,0.62,2010-02-18
47165,Inter,Chelsea FC,2010-02-24,2.0,1.0,F,UEFA CL,Inter (Italy),Chelsea FC (England),italy,england,IT,ENG,Europe,Europe,Europe,international,,,,,,,,,,,,,,,,"5,342.90","5,315.10","5,357.90","5,298.20",,0.52,2010-02-25
47168,Sporting CP,Everton FC,2010-02-25,3.0,0.0,F,UEFA EL,Sporting CP (Portugal),Everton FC (England),portugal,england,PT,ENG,Europe,Europe,Europe,international,,,,,,,,,,,,,,,,"5,278.20","5,342.90","5,370.40","5,259.70",,-1.21,2010-02-26
47187,Lille OSC,Liverpool FC,2010-03-11,1.0,0.0,F,UEFA EL,Lille OSC (France),Liverpool FC (England),france,england,FR,ENG,Europe,Europe,Europe,international,,,,,,,,,,,,,,,,"5,617.30","5,640.60","5,642.90","5,594.70",,-0.41,2010-03-12
47188,Juventus,Fulham FC,2010-03-11,3.0,1.0,F,UEFA EL,Juventus (Italy),Fulham FC (England),italy,england,IT,ENG,Europe,Europe,Europe,international,,,,,,,,,,,,,,,,"5,617.30","5,640.60","5,642.90","5,594.70",,-0.41,2010-03-12
47200,Chelsea FC,Inter,2010-03-16,0.0,1.0,F,UEFA CL,Chelsea FC (England),Inter (Italy),england,italy,ENG,IT,Europe,Europe,Europe,international,,,,,,,,,,,,,,,,"5,620.40","5,593.90","5,637.70","5,593.90",,0.47,2010-03-17
47228,Bayern Muenchen,Manchester United,2010-03-30,2.0,1.0,F,UEFA CL,Bayern Muenchen (Germany),Manchester United (England),germany,england,DE,ENG,Europe,Europe,Europe,international,,,,,,,,,,,,,,,,"5,672.30","5,710.70","5,742.80","5,662.80",,-0.67,2010-03-31
47231,Sl Benfica,Liverpool FC,2010-04-01,2.0,1.0,F,UEFA EL,Sl Benfica (Portugal),Liverpool FC (England),portugal,england,PT,ENG,Europe,Europe,Europe,international,,,,,,,,,,,,,,,,"5,744.90","5,679.60","5,744.90","5,679.50",,1.15,2010-04-02
47242,FC Barcelona,Arsenal FC,2010-04-06,4.0,1.0,F,UEFA CL,FC Barcelona (Spain),Arsenal FC (England),spain,england,ES,ENG,Europe,Europe,Europe,international,,,,,,,,,,,,,,,,"5,780.40","5,744.90","5,790.40","5,744.60",,0.62,2010-04-07
47267,Atletico Madrid,Liverpool FC,2010-04-22,1.0,0.0,F,UEFA EL,Atletico Madrid (Spain),Liverpool FC (England),spain,england,ES,ENG,Europe,Europe,Europe,international,,,,,,,,,,,,,,,,"5,665.30","5,723.40","5,761.40","5,652.40",,-1.02,2010-04-23
47303,Atletico Madrid,Fulham FC,2010-05-12,2.0,1.0,E,UEFA EL,Atletico Madrid (Spain),Fulham FC (England),spain,england,ES,ENG,Europe,Europe,Europe,international,,,,,,,,,,,,,,,,"5,383.50","5,334.20","5,401.00","5,284.60",,0.92,2010-05-13
47316,Bsc Young Boys,Tottenham Hotspur,2010-08-17,3.0,2.0,F,UEFA CL,Bsc Young Boys (Switzerland),Tottenham Hotspur (England),switzerland,england,CH,ENG,Europe,Europe,Europe,international,,,,,,,,,,,,,,,,"5,350.55","5,288.50","5,355.30","5,273.30",,1.41,2010-08-18
47332,Aston Villa,Rapid Wien,2010-08-26,2.0,3.0,F,UEFA EL,Aston Villa (England),Rapid Wien (Austria),england,austria,ENG,AT,Europe,Europe,Europe,international,,,,,,,,,,,,,,,,"5,155.84","5,146.90","5,168.80","5,125.30",,0.75,2010-08-27
47408,Inter,Tottenham Hotspur,2010-10-20,4.0,3.0,F,UEFA CL,Inter (Italy),Tottenham Hotspur (England),italy,england,IT,ENG,Europe,Europe,Europe,international,,,,,,,,,,,,,,,,"5,728.93","5,684.40","5,730.50","5,678.50",,0.44,2010-10-21
47435,Shakhtar Donetsk,Arsenal FC,2010-11-03,2.0,1.0,F,UEFA CL,Shakhtar Donetsk (Ukraine),Arsenal FC (England),ukraine,england,UA,ENG,Europe,Europe,Europe,international,,,,,,,,,,,,,,,,"5,748.97","5,762.20","5,773.30","5,728.30",,-0.15,2010-11-04
47436,Lech Poznan,Manchester City,2010-11-04,3.0,1.0,F,UEFA EL,Lech Poznan (Poland),Manchester City (England),poland,england,PL,ENG,Europe,Europe,Europe,international,,,,,,,,,,,,,,,,"5,862.79","5,798.20","5,876.30","5,797.40",,1.98,2010-11-05
47479,Sporting Braga,Arsenal FC,2010-11-23,2.0,0.0,F,UEFA CL,Sporting Braga (Portugal),Arsenal FC (England),portugal,england,PT,ENG,Europe,Europe,Europe,international,,,,,,,,,,,,,,,,"5,581.28","5,640.60","5,663.30","5,581.28",,-1.75,2010-11-24
47505,Olympique Marseille,Chelsea FC,2010-12-08,1.0,0.0,F,UEFA CL,Olympique Marseille (France),Chelsea FC (England),france,england,FR,ENG,Europe,Europe,Europe,international,,,,,,,,,,,,,,,,"5,794.53","5,782.50","5,824.30","5,773.80",,-0.24,2010-12-09
47645,FC Barcelona,Arsenal FC,2011-03-08,3.0,1.0,F,UEFA CL,FC Barcelona (Spain),Arsenal FC (England),spain,england,ES,ENG,Europe,Europe,Europe,international,,,,,,,,,,,,,,,,"5,961.82","5,987.00","6,000.50","5,909.80",,-0.2,2011-03-09
47648,Sporting Braga,Liverpool FC,2011-03-10,1.0,0.0,F,UEFA EL,Sporting Braga (Portugal),Liverpool FC (England),portugal,england,PT,ENG,Europe,Europe,Europe,international,,,,,,,,,,,,,,,,"5,845.29","5,883.90","5,906.80","5,830.30",,-1.55,2011-03-11
47649,Dinamo Kiev,Manchester City,2011-03-10,2.0,0.0,F,UEFA EL,Dinamo Kiev (Ukraine),Manchester City (England),ukraine,england,UA,ENG,Europe,Europe,Europe,international,,,,,,,,,,,,,,,,"5,845.29","5,883.90","5,906.80","5,830.30",,-1.55,2011-03-11
47674,Real Madrid,Tottenham Hotspur,2011-04-05,4.0,0.0,F,UEFA CL,Real Madrid (Spain),Tottenham Hotspur (England),spain,england,ES,ENG,Europe,Europe,Europe,international,,,,,,,,,,,,,,,,"6,007.06","6,020.80","6,023.00","5,988.50",,-0.16,2011-04-06
47687,Tottenham Hotspur,Real Madrid,2011-04-13,0.0,1.0,F,UEFA CL,Tottenham Hotspur (England),Real Madrid (Spain),england,spain,ENG,ES,Europe,Europe,Europe,international,,,,,,,,,,,,,,,,"6,010.44","5,991.50","6,044.00","5,983.30",,0.77,2011-04-14
47786,Dnipro Dnipropetrovsk,Fulham FC,2011-08-25,1.0,0.0,F,UEFA EL,Dnipro Dnipropetrovsk (Ukraine),Fulham FC (England),ukraine,england,UA,ENG,Europe,Europe,Europe,international,,,,,,,,,,,,,,,,"5,131.10","5,205.85","5,254.17","5,102.06",1.13B,-1.44,2011-08-26
47816,Birmingham City,Sporting Braga,2011-09-15,1.0,3.0,F,UEFA EL,Birmingham City (England),Sporting Braga (Portugal),england,portugal,ENG,PT,Europe,Europe,Europe,international,,,,,,,,,,,,,,,,"5,337.54","5,227.02","5,366.74","5,227.02",1.12B,2.11,2011-09-16
47838,Bayern Muenchen,Manchester City,2011-09-27,2.0,0.0,F,UEFA CL,Bayern Muenchen (Germany),Manchester City (England),germany,england,DE,ENG,Europe,Europe,Europe,international,,,,,,,,,,,,,,,,"5,294.05","5,089.37","5,294.05","5,089.37",960.71M,4.02,2011-09-28
47871,Wisla Krakow,Fulham FC,2011-10-20,1.0,0.0,F,UEFA EL,Wisla Krakow (Poland),Fulham FC (England),poland,england,PL,ENG,Europe,Europe,Europe,international,,,,,,,,,,,,,,,,"5,384.68","5,450.49","5,450.49","5,363.16",796.89M,-1.21,2011-10-21
47898,Rubin Kazan,Tottenham Hotspur,2011-11-03,1.0,0.0,F,UEFA EL,Rubin Kazan (Russia),Tottenham Hotspur (England),russia,england,RU,ENG,Europe,Europe,Europe,international,,,,,,,,,,,,,,,,"5,545.64","5,484.10","5,564.54","5,402.63",1.22B,1.12,2011-11-04
47922,Ssc Napoli,Manchester City,2011-11-22,2.0,1.0,F,UEFA CL,Ssc Napoli (Italy),Manchester City (England),italy,england,IT,ENG,Europe,Europe,Europe,international,,,,,,,,,,,,,,,,"5,206.82","5,222.60","5,281.95","5,206.82",914.56M,-0.3,2011-11-23
47924,Bayer Leverkusen,Chelsea FC,2011-11-23,2.0,1.0,F,UEFA CL,Bayer Leverkusen (Germany),Chelsea FC (England),germany,england,DE,ENG,Europe,Europe,Europe,international,,,,,,,,,,,,,,,,"5,139.78","5,206.82","5,206.82","5,139.78",1.01B,-1.29,2011-11-24
47936,Sporting Braga,Birmingham City,2011-11-30,1.0,0.0,F,UEFA EL,Sporting Braga (Portugal),Birmingham City (England),portugal,england,PT,ENG,Europe,Europe,Europe,international,,,,,,,,,,,,,,,,"5,505.42","5,337.00","5,538.96","5,274.95",1.65B,3.16,2011-12-01
47937,Tottenham Hotspur,Paok Saloniki,2011-11-30,1.0,2.0,F,UEFA EL,Tottenham Hotspur (England),Paok Saloniki (Greece),england,greece,ENG,GR,Europe,Europe,Europe,international,,,,,,,,,,,,,,,,"5,505.42","5,337.00","5,538.96","5,274.95",1.65B,3.16,2011-12-01
47938,FC Twente,Fulham FC,2011-12-01,1.0,0.0,F,UEFA EL,FC Twente (Netherlands),Fulham FC (England),netherlands,england,NL,ENG,Europe,Europe,Europe,international,,,,,,,,,,,,,,,,"5,489.34","5,505.42","5,553.89","5,486.87",939.17M,-0.29,2011-12-02
47951,Olympiakos Piraeus,Arsenal FC,2011-12-06,3.0,1.0,F,UEFA CL,Olympiakos Piraeus (Greece),Arsenal FC (England),greece,england,GR,ENG,Europe,Europe,Europe,international,,,,,,,,,,,,,,,,"5,568.72","5,567.96","5,592.95","5,521.91",857.31M,0.01,2011-12-07
47953,FC Basel,Manchester United,2011-12-07,2.0,1.0,F,UEFA CL,FC Basel (Switzerland),Manchester United (England),switzerland,england,CH,ENG,Europe,Europe,Europe,international,,,,,,,,,,,,,,,,"5,546.91","5,568.72","5,631.88","5,497.96",932.15M,-0.39,2011-12-08
47964,Besiktas,Stoke City,2011-12-14,3.0,1.0,F,UEFA EL,Besiktas (Turkey),Stoke City (England),turkey,england,TR,ENG,Europe,Europe,Europe,international,,,,,,,,,,,,,,,,"5,366.80","5,490.15","5,490.15","5,366.80",860.72M,-2.25,2011-12-15
48069,AC Milan,Arsenal FC,2012-02-15,4.0,0.0,F,UEFA CL,AC Milan (Italy),Arsenal FC (England),italy,england,IT,ENG,Europe,Europe,Europe,international,,,,,,,,,,,,,,,,"5,892.16","5,899.87","5,923.78","5,880.62",801.55M,-0.13,2012-02-16
48072,Stoke City,Valencia CF,2012-02-16,0.0,1.0,F,UEFA EL,Stoke City (England),Valencia CF (Spain),england,spain,ENG,ES,Europe,Europe,Europe,international,,,,,,,,,,,,,,,,"5,885.38","5,892.16","5,892.36","5,829.38",751.18M,-0.12,2012-02-17
48073,Ssc Napoli,Chelsea FC,2012-02-21,3.0,1.0,F,UEFA CL,Ssc Napoli (Italy),Chelsea FC (England),italy,england,IT,ENG,Europe,Europe,Europe,international,,,,,,,,,,,,,,,,"5,928.20","5,945.25","5,948.84","5,916.58",846.27M,-0.29,2012-02-22
48075,Valencia CF,Stoke City,2012-02-23,1.0,0.0,F,UEFA EL,Valencia CF (Spain),Stoke City (England),spain,england,ES,ENG,Europe,Europe,Europe,international,,,,,,,,,,,,,,,,"5,937.89","5,916.55","5,952.47","5,900.50",1.07B,0.36,2012-02-24
48076,Manchester United,AFC Ajax,2012-02-23,1.0,2.0,F,UEFA EL,Manchester United (England),AFC Ajax (Netherlands),england,netherlands,ENG,NL,Europe,Europe,Europe,international,,,,,,,,,,,,,,,,"5,937.89","5,916.55","5,952.47","5,900.50",1.07B,0.36,2012-02-24
48097,Sporting CP,Manchester City,2012-03-08,1.0,0.0,F,UEFA EL,Sporting CP (Portugal),Manchester City (England),portugal,england,PT,ENG,Europe,Europe,Europe,international,,,,,,,,,,,,,,,,"5,859.73","5,791.41","5,874.34","5,791.41",828.11M,1.18,2012-03-09
48098,Manchester United,Athletic Bilbao,2012-03-08,2.0,3.0,F,UEFA EL,Manchester United (England),Athletic Bilbao (Spain),england,spain,ENG,ES,Europe,Europe,Europe,international,,,,,,,,,,,,,,,,"5,859.73","5,791.41","5,874.34","5,791.41",828.11M,1.18,2012-03-09
48111,Athletic Bilbao,Manchester United,2012-03-15,2.0,1.0,F,UEFA EL,Athletic Bilbao (Spain),Manchester United (England),spain,england,ES,ENG,Europe,Europe,Europe,international,,,,,,,,,,,,,,,,"5,940.72","5,945.43","5,958.17","5,919.21",1.03B,-0.08,2012-03-16
48244,Chelsea FC,Atletico Madrid,2012-08-31,1.0,4.0,F,UEFA SC,Chelsea FC (England),Atletico Madrid (Spain),england,spain,ENG,ES,Europe,Europe,Europe,international,,,,,,,,,,,,,,,,"5,711.48","5,719.45","5,763.77","5,707.99",851.66M,-0.14,2012-09-01
48265,Real Madrid,Manchester City,2012-09-18,3.0,2.0,F,UEFA CL,Real Madrid (Spain),Manchester City (England),spain,england,ES,ENG,Europe,Europe,Europe,international,,,,,,,,,,,,,,,,"5,868.16","5,893.52","5,893.52","5,837.52",802.60M,-0.43,2012-09-19
48296,Liverpool FC,Udinese Calcio,2012-10-04,2.0,3.0,F,UEFA EL,Liverpool FC (England),Udinese Calcio (Italy),england,italy,ENG,IT,Europe,Europe,Europe,international,,,,,,,,,,,,,,,,"5,827.78","5,825.81","5,854.16","5,803.22",817.16M,0.03,2012-10-05
48318,Shakhtar Donetsk,Chelsea FC,2012-10-23,2.0,1.0,F,UEFA CL,Shakhtar Donetsk (Ukraine),Chelsea FC (England),ukraine,england,UA,ENG,Europe,Europe,Europe,international,,,,,,,,,,,,,,,,"5,797.91","5,882.91","5,893.43","5,788.96",654.16M,-1.44,2012-10-24
48320,Arsenal FC,FC Schalke 04,2012-10-24,0.0,2.0,F,UEFA CL,Arsenal FC (England),FC Schalke 04 (Germany),england,germany,ENG,DE,Europe,Europe,Europe,international,,,,,,,,,,,,,,,,"5,804.78","5,797.91","5,823.24","5,776.64",953.71M,0.12,2012-10-25
48321,AFC Ajax,Manchester City,2012-10-24,3.0,1.0,F,UEFA CL,AFC Ajax (Netherlands),Manchester City (England),netherlands,england,NL,ENG,Europe,Europe,Europe,international,,,,,,,,,,,,,,,,"5,804.78","5,797.91","5,823.24","5,776.64",953.71M,0.12,2012-10-25
48349,Anzhi Makhachkala,Liverpool FC,2012-11-08,1.0,0.0,F,UEFA EL,Anzhi Makhachkala (Russia),Liverpool FC (England),russia,england,RU,ENG,Europe,Europe,Europe,international,,,,,,,,,,,,,,,,"5,776.05","5,791.63","5,824.36","5,770.70",729.28M,-0.27,2012-11-09
48372,Juventus,Chelsea FC,2012-11-20,3.0,0.0,F,UEFA CL,Juventus (Italy),Chelsea FC (England),italy,england,IT,ENG,Europe,Europe,Europe,international,,,,,,,,,,,,,,,,"5,748.10","5,737.66","5,751.82","5,706.70",803.27M,0.18,2012-11-21
48373,Galatasaray,Manchester United,2012-11-20,1.0,0.0,F,UEFA CL,Galatasaray (Turkey),Manchester United (England),turkey,england,TR,ENG,Europe,Europe,Europe,international,,,,,,,,,,,,,,,,"5,748.10","5,737.66","5,751.82","5,706.70",803.27M,0.18,2012-11-21
48393,Swansea City,West Bromwich Albion,2012-11-28,3.0,1.0,F,england,Swansea City (Wales),West Bromwich Albion (England),wales,england,WAL,ENG,Europe,Europe,Europe,national,,,,,,,,,,,,,,,,"5,803.28","5,799.71","5,808.34","5,755.23",610.19M,0.06,2012-11-29
48409,Olympiakos Piraeus,Arsenal FC,2012-12-04,2.0,1.0,F,UEFA CL,Olympiakos Piraeus (Greece),Arsenal FC (England),greece,england,GR,ENG,Europe,Europe,Europe,international,,,,,,,,,,,,,,,,"5,869.04","5,871.24","5,885.36","5,852.88",596.03M,-0.04,2012-12-05
48410,Borussia Dortmund,Manchester City,2012-12-04,1.0,0.0,F,UEFA CL,Borussia Dortmund (Germany),Manchester City (England),germany,england,DE,ENG,Europe,Europe,Europe,international,,,,,,,,,,,,,,,,"5,869.04","5,871.24","5,885.36","5,852.88",596.03M,-0.04,2012-12-05
48412,Manchester United,CFr Cluj,2012-12-05,0.0,1.0,F,UEFA CL,Manchester United (England),CFr Cluj (Romania),england,romania,ENG,RO,Europe,Europe,Europe,international,,,,,,,,,,,,,,,,"5,892.08","5,869.04","5,902.66","5,869.04",610.55M,0.39,2012-12-06
48414,Girondins Bordeaux,Newcastle United,2012-12-06,2.0,0.0,F,UEFA EL,Girondins Bordeaux (France),Newcastle United (England),france,england,FR,ENG,Europe,Europe,Europe,international,,,,,,,,,,,,,,,,"5,901.42","5,892.08","5,923.91","5,889.65",637.07M,0.16,2012-12-07
48530,Zenit St Petersburg,Liverpool FC,2013-02-14,2.0,0.0,F,UEFA EL,Zenit St Petersburg (Russia),Liverpool FC (England),russia,england,RU,ENG,Europe,Europe,Europe,international,,,,,,,,,,,,,,,,"6,327.36","6,359.11","6,364.72","6,302.00",713.90M,-0.5,2013-02-15
48535,Arsenal FC,Bayern Muenchen,2013-02-19,1.0,3.0,F,UEFA CL,Arsenal FC (England),Bayern Muenchen (Germany),england,germany,ENG,DE,Europe,Europe,Europe,international,,,,,,,,,,,,,,,,"6,379.07","6,318.19","6,385.14","6,304.40",672.87M,0.96,2013-02-20
48559,Manchester United,Real Madrid,2013-03-05,1.0,2.0,F,UEFA CL,Manchester United (England),Real Madrid (Spain),england,spain,ENG,ES,Europe,Europe,Europe,international,,,,,,,,,,,,,,,,"6,431.95","6,345.63","6,437.34","6,344.78",683.44M,1.36,2013-03-06
48561,Steaua Bucuresti,Chelsea FC,2013-03-07,1.0,0.0,F,UEFA EL,Steaua Bucuresti (Romania),Chelsea FC (England),romania,england,RO,ENG,Europe,Europe,Europe,international,,,,,,,,,,,,,,,,"6,439.16","6,427.64","6,459.68","6,427.31",923.03M,0.18,2013-03-08
48570,Inter,Tottenham Hotspur,2013-03-14,4.0,1.0,E,UEFA EL,Inter (Italy),Tottenham Hotspur (England),italy,england,IT,ENG,Europe,Europe,Europe,international,,,,,,,,,,,,,,,,"6,529.41","6,481.50","6,532.57","6,478.54",791.45M,0.74,2013-03-15
48595,Sl Benfica,Newcastle United,2013-04-04,3.0,1.0,F,UEFA EL,Sl Benfica (Portugal),Newcastle United (England),portugal,england,PT,ENG,Europe,Europe,Europe,international,,,,,,,,,,,,,,,,"6,344.12","6,420.28","6,426.37","6,341.43",680.16M,-1.19,2013-04-05
48606,Rubin Kazan,Chelsea FC,2013-04-11,3.0,2.0,F,UEFA EL,Rubin Kazan (Russia),Chelsea FC (England),russia,england,RU,ENG,Europe,Europe,Europe,international,,,,,,,,,,,,,,,,"6,416.14","6,387.37","6,423.56","6,377.54",556.83M,0.45,2013-04-12
48653,Wigan Athletic,Swansea City,2013-05-07,2.0,3.0,F,england,Wigan Athletic (England),Swansea City (Wales),england,wales,ENG,WAL,Europe,Europe,Europe,national,,,,,,,,,,,,,,,,"6,557.30","6,521.46","6,563.90","6,521.43",795.85M,0.55,2013-05-08
48723,Chelsea FC,FC Basel,2013-09-18,1.0,2.0,F,UEFA CL,Chelsea FC (England),FC Basel (Switzerland),england,switzerland,ENG,CH,Europe,Europe,Europe,international,,,,,,,,,,,,,,,,"6,558.82","6,570.17","6,587.58","6,532.50",793.62M,-0.17,2013-09-19
48750,Manchester City,Bayern Muenchen,2013-10-02,1.0,3.0,F,UEFA CL,Manchester City (England),Bayern Muenchen (Germany),england,germany,ENG,DE,Europe,Europe,Europe,international,,,,,,,,,,,,,,,,"6,437.50","6,460.01","6,460.01","6,386.18",575.17M,-0.35,2013-10-03
48774,Arsenal FC,Borussia Dortmund,2013-10-22,1.0,2.0,F,UEFA CL,Arsenal FC (England),Borussia Dortmund (Germany),england,germany,ENG,DE,Europe,Europe,Europe,international,,,,,,,,,,,,,,,,"6,695.66","6,654.20","6,719.27","6,653.70",575.01M,0.62,2013-10-23
48802,Rubin Kazan,Wigan Athletic,2013-11-07,1.0,0.0,F,UEFA EL,Rubin Kazan (Russia),Wigan Athletic (England),russia,england,RU,ENG,Europe,Europe,Europe,international,,,,,,,,,,,,,,,,"6,697.22","6,741.69","6,779.18","6,679.99",641.43M,-0.66,2013-11-08
48824,FC Basel,Chelsea FC,2013-11-26,1.0,0.0,F,UEFA CL,FC Basel (Switzerland),Chelsea FC (England),switzerland,england,CH,ENG,Europe,Europe,Europe,international,,,,,,,,,,,,,,,,"6,636.22","6,694.62","6,696.95","6,636.22",985.38M,-0.87,2013-11-27
48829,Wigan Athletic,SV Zulte Waregem,2013-11-28,1.0,2.0,F,UEFA EL,Wigan Athletic (England),SV Zulte Waregem (Belgium),england,belgium,ENG,BE,Europe,Europe,Europe,international,,,,,,,,,,,,,,,,"6,654.47","6,649.47","6,679.51","6,642.57",462.67M,0.08,2013-11-29
48847,Swansea City,Newcastle United,2013-12-04,3.0,0.0,F,england,Swansea City (Wales),Newcastle United (England),wales,england,WAL,ENG,Europe,Europe,Europe,national,,,,,,,,,,,,,,,,"6,509.97","6,532.43","6,544.70","6,479.73",780.32M,-0.34,2013-12-05
48863,Ssc Napoli,Arsenal FC,2013-12-11,2.0,0.0,F,UEFA CL,Ssc Napoli (Italy),Arsenal FC (England),italy,england,IT,ENG,Europe,Europe,Europe,international,,,,,,,,,,,,,,,,"6,507.72","6,523.31","6,555.57","6,507.72",524.48M,-0.24,2013-12-12
48864,NK Maribor,Wigan Athletic,2013-12-12,2.0,1.0,F,UEFA EL,NK Maribor (Slovenia),Wigan Athletic (England),slovenia,england,SI,ENG,Europe,Europe,Europe,international,,,,,,,,,,,,,,,,"6,445.25","6,507.72","6,507.72","6,435.99",663.53M,-0.96,2013-12-13
48939,Swansea City,Fulham FC,2014-01-28,2.0,0.0,F,england,Swansea City (Wales),Fulham FC (England),wales,england,WAL,ENG,Europe,Europe,Europe,national,,,,,,,,,,,,,,,,"6,572.33","6,550.66","6,590.66","6,550.65",675.70M,0.33,2014-01-29
48973,Manchester City,FC Barcelona,2014-02-18,0.0,2.0,F,UEFA CL,Manchester City (England),FC Barcelona (Spain),england,spain,ENG,ES,Europe,Europe,Europe,international,,,,,,,,,,,,,,,,"6,796.43","6,736.00","6,802.89","6,716.64",826.63M,0.9,2014-02-19
48974,Arsenal FC,Bayern Muenchen,2014-02-19,0.0,2.0,F,UEFA CL,Arsenal FC (England),Bayern Muenchen (Germany),england,germany,ENG,DE,Europe,Europe,Europe,international,,,,,,,,,,,,,,,,"6,796.71","6,796.43","6,810.48","6,759.86",793.95M,0.0,2014-02-20
48975,Dnipro Dnipropetrovsk,Tottenham Hotspur,2014-02-20,1.0,0.0,F,UEFA EL,Dnipro Dnipropetrovsk (Ukraine),Tottenham Hotspur (England),ukraine,england,UA,ENG,Europe,Europe,Europe,international,,,,,,,,,,,,,,,,"6,812.99","6,796.71","6,812.99","6,732.03",742.46M,0.24,2014-02-21
48986,Olympiakos Piraeus,Manchester United,2014-02-25,2.0,0.0,F,UEFA CL,Olympiakos Piraeus (Greece),Manchester United (England),greece,england,GR,ENG,Europe,Europe,Europe,international,,,,,,,,,,,,,,,,"6,830.50","6,862.73","6,866.35","6,790.93",1.16B,-0.52,2014-02-26
49003,FC Barcelona,Manchester City,2014-03-12,2.0,1.0,F,UEFA CL,FC Barcelona (Spain),Manchester City (England),spain,england,ES,ENG,Europe,Europe,Europe,international,,,,,,,,,,,,,,,,"6,620.90","6,685.52","6,685.52","6,598.36",891.94M,-0.97,2014-03-13
49004,Tottenham Hotspur,Sl Benfica,2014-03-13,1.0,3.0,F,UEFA EL,Tottenham Hotspur (England),Sl Benfica (Portugal),england,portugal,ENG,PT,Europe,Europe,Europe,international,,,,,,,,,,,,,,,,"6,553.78","6,620.90","6,631.38","6,552.46",894.84M,-1.01,2014-03-14
49044,Paris Saint Germain,Chelsea FC,2014-04-02,3.0,1.0,F,UEFA CL,Paris Saint Germain (France),Chelsea FC (England),france,england,FR,ENG,Europe,Europe,Europe,international,,,,,,,,,,,,,,,,"6,659.04","6,652.61","6,672.73","6,639.63",971.88M,0.1,2014-04-03
49056,Bayern Muenchen,Manchester United,2014-04-09,3.0,1.0,F,UEFA CL,Bayern Muenchen (Germany),Manchester United (England),germany,england,DE,ENG,Europe,Europe,Europe,international,,,,,,,,,,,,,,,,"6,635.61","6,590.69","6,654.05","6,590.41",758.99M,0.68,2014-04-10
49089,Chelsea FC,Atletico Madrid,2014-04-30,1.0,3.0,F,UEFA CL,Chelsea FC (England),Atletico Madrid (Spain),england,spain,ENG,ES,Europe,Europe,Europe,international,,,,,,,,,,,,,,,,"6,780.03","6,769.91","6,794.88","6,748.76",773.11M,0.15,2014-05-01
49127,Sporting Lokeren,Hull City,2014-08-21,1.0,0.0,F,UEFA EL,Sporting Lokeren (Belgium),Hull City (England),belgium,england,BE,ENG,Europe,Europe,Europe,international,,,,,,,,,,,,,,,,"6,777.66","6,755.48","6,780.73","6,752.70",423.43M,0.33,2014-08-22
49162,Borussia Dortmund,Arsenal FC,2014-09-16,2.0,0.0,F,UEFA CL,Borussia Dortmund (Germany),Arsenal FC (England),germany,england,DE,ENG,Europe,Europe,Europe,international,,,,,,,,,,,,,,,,"6,792.24","6,804.21","6,804.34","6,748.09",592.89M,-0.18,2014-09-17
49163,Bayern Muenchen,Manchester City,2014-09-17,1.0,0.0,F,UEFA CL,Bayern Muenchen (Germany),Manchester City (England),germany,england,DE,ENG,Europe,Europe,Europe,international,,,,,,,,,,,,,,,,"6,780.90","6,792.24","6,816.89","6,780.90",596.03M,-0.17,2014-09-18
49189,FC Basel,Liverpool FC,2014-10-01,1.0,0.0,F,UEFA CL,FC Basel (Switzerland),Liverpool FC (England),switzerland,england,CH,ENG,Europe,Europe,Europe,international,,,,,,,,,,,,,,,,"6,557.52","6,622.72","6,622.81","6,539.73",789.71M,-0.98,2014-10-02
49215,Liverpool FC,Real Madrid,2014-10-22,0.0,3.0,F,UEFA CL,Liverpool FC (England),Real Madrid (Spain),england,spain,ENG,ES,Europe,Europe,Europe,international,,,,,,,,,,,,,,,,"6,399.73","6,372.33","6,401.51","6,341.39",725.61M,0.43,2014-10-23
49239,Real Madrid,Liverpool FC,2014-11-04,1.0,0.0,F,UEFA CL,Real Madrid (Spain),Liverpool FC (England),spain,england,ES,ENG,Europe,Europe,Europe,international,,,,,,,,,,,,,,,,"6,453.97","6,487.97","6,510.31","6,444.89",816.65M,-0.52,2014-11-05
49241,Manchester City,CSka Moskva,2014-11-05,1.0,2.0,F,UEFA CL,Manchester City (England),CSka Moskva (Russia),england,russia,ENG,RU,Europe,Europe,Europe,international,,,,,,,,,,,,,,,,"6,539.14","6,453.97","6,539.14","6,453.97",769.26M,1.32,2014-11-06
49284,Swansea City,Queens Park Rangers,2014-12-02,2.0,0.0,F,england,Swansea City (Wales),Queens Park Rangers (England),wales,england,WAL,ENG,Europe,Europe,Europe,national,,,,,,,,,,,,,,,,"6,742.10","6,656.37","6,744.31","6,656.37",654.95M,1.29,2014-12-03
49305,Besiktas,Tottenham Hotspur,2014-12-11,1.0,0.0,F,UEFA EL,Besiktas (Turkey),Tottenham Hotspur (England),turkey,england,TR,ENG,Europe,Europe,Europe,international,,,,,,,,,,,,,,,,"6,461.70","6,500.04","6,521.66","6,441.28",757.39M,-0.59,2014-12-12
49306,Everton FC,FK Krasnodar,2014-12-11,0.0,1.0,F,UEFA EL,Everton FC (England),FK Krasnodar (Russia),england,russia,ENG,RU,Europe,Europe,Europe,international,,,,,,,,,,,,,,,,"6,461.70","6,500.04","6,521.66","6,441.28",757.39M,-0.59,2014-12-12
49421,Manchester City,FC Barcelona,2015-02-24,1.0,2.0,F,UEFA CL,Manchester City (England),FC Barcelona (Spain),england,spain,ENG,ES,Europe,Europe,Europe,international,,,,,,,,,,,,,,,,"6,949.63","6,912.16","6,958.89","6,899.59",857.36M,0.54,2015-02-25
49422,Arsenal FC,As Monaco,2015-02-25,1.0,3.0,F,UEFA CL,Arsenal FC (England),As Monaco (France),england,france,ENG,FR,Europe,Europe,Europe,international,,,,,,,,,,,,,,,,"6,935.38","6,949.63","6,955.41","6,904.88",718.03M,-0.21,2015-02-26
49423,Besiktas,Liverpool FC,2015-02-26,1.0,0.0,P,UEFA EL,Besiktas (Turkey),Liverpool FC (England),turkey,england,TR,ENG,Europe,Europe,Europe,international,,,,,,,,,,,,,,,,"6,949.73","6,935.38","6,949.98","6,920.54",806.28M,0.21,2015-02-27
49424,Acf Fiorentina,Tottenham Hotspur,2015-02-26,2.0,0.0,F,UEFA EL,Acf Fiorentina (Italy),Tottenham Hotspur (England),italy,england,IT,ENG,Europe,Europe,Europe,international,,,,,,,,,,,,,,,,"6,949.73","6,935.38","6,949.98","6,920.54",806.28M,0.21,2015-02-27
49458,FC Barcelona,Manchester City,2015-03-18,1.0,0.0,F,UEFA CL,FC Barcelona (Spain),Manchester City (England),spain,england,ES,ENG,Europe,Europe,Europe,international,,,,,,,,,,,,,,,,"6,945.20","6,837.61","6,945.20","6,837.26",796.53M,1.57,2015-03-19
49459,Dinamo Kiev,Everton FC,2015-03-19,5.0,2.0,F,UEFA EL,Dinamo Kiev (Ukraine),Everton FC (England),ukraine,england,UA,ENG,Europe,Europe,Europe,international,,,,,,,,,,,,,,,,"6,962.32","6,945.20","6,982.79","6,929.73",834.20M,0.25,2015-03-20
49529,Arsenal FC,Swansea City,2015-05-11,0.0,1.0,F,england,Arsenal FC (England),Swansea City (Wales),england,wales,ENG,WAL,Europe,Europe,Europe,national,,,,,,,,,,,,,,,,"7,029.85","7,046.82","7,083.72","7,025.17",816.71M,-0.24,2015-05-12
49554,Birkirkara FC,West Ham United,2015-07-23,1.0,0.0,P,UEFA EL,Birkirkara FC (Malta),West Ham United (England),malta,england,MT,ENG,Europe,Europe,Europe,international,,,,,,,,,,,,,,,,"6,655.01","6,667.34","6,711.49","6,644.85",651.24M,-0.18,2015-07-24
49558,Astra Giurgiu,West Ham United,2015-08-06,2.0,1.0,F,UEFA EL,Astra Giurgiu (Romania),West Ham United (England),romania,england,RO,ENG,Europe,Europe,Europe,international,,,,,,,,,,,,,,,,"6,747.09","6,752.41","6,763.34","6,717.49",713.00M,-0.08,2015-08-07
49592,FC Midtjylland,Southampton FC,2015-08-27,1.0,0.0,F,UEFA EL,FC Midtjylland (Denmark),Southampton FC (England),denmark,england,DK,ENG,Europe,Europe,Europe,international,,,,,,,,,,,,,,,,"6,192.03","5,979.20","6,212.48","5,979.20",1.06B,3.56,2015-08-28
49613,PSV Eindhoven,Manchester United,2015-09-15,2.0,1.0,F,UEFA CL,PSV Eindhoven (Netherlands),Manchester United (England),netherlands,england,NL,ENG,Europe,Europe,Europe,international,,,,,,,,,,,,,,,,"6,137.60","6,084.59","6,158.08","6,019.92",728.37M,0.87,2015-09-16
49614,Manchester City,Juventus,2015-09-15,1.0,2.0,F,UEFA CL,Manchester City (England),Juventus (Italy),england,italy,ENG,IT,Europe,Europe,Europe,international,,,,,,,,,,,,,,,,"6,137.60","6,084.59","6,158.08","6,019.92",728.37M,0.87,2015-09-16
49615,Dinamo Zagreb,Arsenal FC,2015-09-16,2.0,1.0,F,UEFA CL,Dinamo Zagreb (Croatia),Arsenal FC (England),croatia,england,HR,ENG,Europe,Europe,Europe,international,,,,,,,,,,,,,,,,"6,229.21","6,137.60","6,244.94","6,137.60",844.32M,1.49,2015-09-17
49639,Arsenal FC,Olympiakos Piraeus,2015-09-29,2.0,3.0,F,UEFA CL,Arsenal FC (England),Olympiakos Piraeus (Greece),england,greece,ENG,GR,Europe,Europe,Europe,international,,,,,,,,,,,,,,,,"5,909.24","5,958.86","5,958.86","5,877.08",1.03B,-0.83,2015-09-30
49640,FC Porto,Chelsea FC,2015-09-29,2.0,1.0,F,UEFA CL,FC Porto (Portugal),Chelsea FC (England),portugal,england,PT,ENG,Europe,Europe,Europe,international,,,,,,,,,,,,,,,,"5,909.24","5,958.86","5,958.86","5,877.08",1.03B,-0.83,2015-09-30
49669,RSC Anderlecht,Tottenham Hotspur,2015-10-22,2.0,1.0,F,UEFA EL,RSC Anderlecht (Belgium),Tottenham Hotspur (England),belgium,england,BE,ENG,Europe,Europe,Europe,international,,,,,,,,,,,,,,,,"6,376.28","6,348.42","6,387.28","6,321.65",740.62M,0.44,2015-10-23
49693,Bayern Muenchen,Arsenal FC,2015-11-04,5.0,1.0,F,UEFA CL,Bayern Muenchen (Germany),Arsenal FC (England),germany,england,DE,ENG,Europe,Europe,Europe,international,,,,,,,,,,,,,,,,"6,412.88","6,383.61","6,459.46","6,383.04",782.76M,0.46,2015-11-05
49720,Juventus,Manchester City,2015-11-25,1.0,0.0,F,UEFA CL,Juventus (Italy),Manchester City (England),italy,england,IT,ENG,Europe,Europe,Europe,international,,,,,,,,,,,,,,,,"6,337.64","6,277.23","6,348.05","6,277.23",694.08M,0.96,2015-11-26
49743,Vfl Wolfsburg,Manchester United,2015-12-08,3.0,2.0,F,UEFA CL,Vfl Wolfsburg (Germany),Manchester United (England),germany,england,DE,ENG,Europe,Europe,Europe,international,,,,,,,,,,,,,,,,"6,135.22","6,223.52","6,224.86","6,120.68",814.51M,-1.42,2015-12-09
49818,Swansea City,Watford FC,2016-01-18,1.0,0.0,F,england,Swansea City (Wales),Watford FC (England),wales,england,WAL,ENG,Europe,Europe,Europe,national,,,,,,,,,,,,,,,,"5,779.92","5,804.10","5,852.09","5,766.50",741.11M,-0.42,2016-01-19
49859,Paris Saint Germain,Chelsea FC,2016-02-16,2.0,1.0,F,UEFA CL,Paris Saint Germain (France),Chelsea FC (England),france,england,FR,ENG,Europe,Europe,Europe,international,,,,,,,,,,,,,,,,"5,862.17","5,824.28","5,880.72","5,812.49",771.10M,0.65,2016-02-17
49861,FC Midtjylland,Manchester United,2016-02-18,2.0,1.0,F,UEFA EL,FC Midtjylland (Denmark),Manchester United (England),denmark,england,DK,ENG,Europe,Europe,Europe,international,,,,,,,,,,,,,,,,"5,971.95","6,030.32","6,036.46","5,948.25",809.87M,-0.97,2016-02-19
49863,Arsenal FC,FC Barcelona,2016-02-23,0.0,2.0,F,UEFA CL,Arsenal FC (England),FC Barcelona (Spain),england,spain,ENG,ES,Europe,Europe,Europe,international,,,,,,,,,,,,,,,,"5,962.31","6,037.73","6,037.73","5,954.18",747.39M,-1.25,2016-02-24
49881,Arsenal FC,Swansea City,2016-03-02,1.0,2.0,F,england,Arsenal FC (England),Swansea City (Wales),england,wales,ENG,WAL,Europe,Europe,Europe,national,,,,,,,,,,,,,,,,"6,147.06","6,152.88","6,194.01","6,097.77",904.55M,-0.09,2016-03-03
49896,Chelsea FC,Paris Saint Germain,2016-03-09,1.0,2.0,F,UEFA CL,Chelsea FC (England),Paris Saint Germain (France),england,france,ENG,FR,Europe,Europe,Europe,international,,,,,,,,,,,,,,,,"6,146.32","6,125.44","6,174.82","6,118.23",758.33M,0.34,2016-03-10
49897,Borussia Dortmund,Tottenham Hotspur,2016-03-10,3.0,0.0,F,UEFA EL,Borussia Dortmund (Germany),Tottenham Hotspur (England),germany,england,DE,ENG,Europe,Europe,Europe,international,,,,,,,,,,,,,,,,"6,036.70","6,146.32","6,203.40","6,036.70",1.06B,-1.78,2016-03-11
49905,FC Barcelona,Arsenal FC,2016-03-16,3.0,1.0,F,UEFA CL,FC Barcelona (Spain),Arsenal FC (England),spain,england,ES,ENG,Europe,Europe,Europe,international,,,,,,,,,,,,,,,,"6,175.49","6,139.97","6,186.18","6,134.27",700.76M,0.58,2016-03-17
49907,Tottenham Hotspur,Borussia Dortmund,2016-03-17,1.0,2.0,F,UEFA EL,Tottenham Hotspur (England),Borussia Dortmund (Germany),england,germany,ENG,DE,Europe,Europe,Europe,international,,,,,,,,,,,,,,,,"6,201.12","6,175.49","6,220.02","6,125.70",832.61M,0.42,2016-03-18
49966,Villarreal CF,Liverpool FC,2016-04-28,1.0,0.0,F,UEFA EL,Villarreal CF (Spain),Liverpool FC (England),spain,england,ES,ENG,Europe,Europe,Europe,international,,,,,,,,,,,,,,,,"6,322.40","6,319.91","6,322.40","6,224.47",861.76M,0.04,2016-04-29
49977,Real Madrid,Manchester City,2016-05-04,1.0,0.0,F,UEFA CL,Real Madrid (Spain),Manchester City (England),spain,england,ES,ENG,Europe,Europe,Europe,international,,,,,,,,,,,,,,,,"6,112.02","6,185.59","6,185.59","6,100.76",775.56M,-1.19,2016-05-05
50003,Liverpool FC,Sevilla FC,2016-05-18,1.0,3.0,F,UEFA EL,Liverpool FC (England),Sevilla FC (Spain),england,spain,ENG,ES,Europe,Europe,Europe,international,,,,,,,,,,,,,,,,"6,165.80","6,167.77","6,169.33","6,115.99",887.53M,-0.03,2016-05-19
50004,NK Domzale,West Ham United,2016-07-28,2.0,1.0,F,UEFA EL,NK Domzale (Slovenia),West Ham United (England),slovenia,england,SI,ENG,Europe,Europe,Europe,international,,,,,,,,,,,,,,,,"6,721.06","6,750.43","6,762.72","6,718.90",1.20B,-0.44,2016-07-29
50029,West Ham United,Astra Giurgiu,2016-08-25,0.0,1.0,F,UEFA EL,West Ham United (England),Astra Giurgiu (Romania),england,romania,ENG,RO,Europe,Europe,Europe,international,,,,,,,,,,,,,,,,"6,816.90","6,835.78","6,836.22","6,779.15",657.67M,-0.28,2016-08-26
50052,Tottenham Hotspur,As Monaco,2016-09-14,1.0,2.0,F,UEFA CL,Tottenham Hotspur (England),As Monaco (France),england,france,ENG,FR,Europe,Europe,Europe,international,,,,,,,,,,,,,,,,"6,673.31","6,665.63","6,720.29","6,665.63",695.11M,0.12,2016-09-15
50054,Feyenoord,Manchester United,2016-09-15,1.0,0.0,F,UEFA EL,Feyenoord (Netherlands),Manchester United (England),netherlands,england,NL,ENG,Europe,Europe,Europe,international,,,,,,,,,,,,,,,,"6,730.30","6,673.31","6,736.84","6,654.82",770.12M,0.85,2016-09-16
50105,FC Barcelona,Manchester City,2016-10-19,4.0,0.0,F,UEFA CL,FC Barcelona (Spain),Manchester City (England),spain,england,ES,ENG,Europe,Europe,Europe,international,,,,,,,,,,,,,,,,"7,021.92","7,000.06","7,031.20","6,975.92",823.09M,0.31,2016-10-20
50106,Inter,Southampton FC,2016-10-20,1.0,0.0,F,UEFA EL,Inter (Italy),Southampton FC (England),italy,england,IT,ENG,Europe,Europe,Europe,international,,,,,,,,,,,,,,,,"7,026.90","7,021.92","7,047.55","6,998.84",843.64M,0.07,2016-10-21
50130,Tottenham Hotspur,Bayer Leverkusen,2016-11-02,0.0,1.0,F,UEFA CL,Tottenham Hotspur (England),Bayer Leverkusen (Germany),england,germany,ENG,DE,Europe,Europe,Europe,international,,,,,,,,,,,,,,,,"6,845.42","6,917.14","6,917.14","6,845.42",773.90M,-1.04,2016-11-03
50132,Fenerbahce,Manchester United,2016-11-03,2.0,1.0,F,UEFA EL,Fenerbahce (Turkey),Manchester United (England),turkey,england,TR,ENG,Europe,Europe,Europe,international,,,,,,,,,,,,,,,,"6,790.51","6,845.42","6,873.21","6,790.51",1.08B,-0.8,2016-11-04
50154,As Monaco,Tottenham Hotspur,2016-11-22,2.0,1.0,F,UEFA CL,As Monaco (France),Tottenham Hotspur (England),france,england,FR,ENG,Europe,Europe,Europe,international,,,,,,,,,,,,,,,,"6,819.72","6,777.96","6,851.37","6,777.96",896.75M,0.62,2016-11-23
50158,Sparta Praha,Southampton FC,2016-11-24,1.0,0.0,F,UEFA EL,Sparta Praha (Czech Republic),Southampton FC (England),czech-republic,england,CZ,ENG,Europe,Europe,Europe,international,,,,,,,,,,,,,,,,"6,829.20","6,817.71","6,831.23","6,790.69",491.42M,0.17,2016-11-25
50183,FC Porto,Leicester City,2016-12-07,5.0,0.0,F,UEFA CL,FC Porto (Portugal),Leicester City (England),portugal,england,PT,ENG,Europe,Europe,Europe,international,,,,,,,,,,,,,,,,"6,902.23","6,779.84","6,902.23","6,779.84",1.16B,1.81,2016-12-08
50243,Crystal Palace,Swansea City,2017-01-03,1.0,2.0,F,england,Crystal Palace (England),Swansea City (Wales),england,wales,ENG,WAL,Europe,Europe,Europe,national,,,,,,,,,,,,,,,,"7,177.89","7,142.83","7,205.45","7,142.83",820.16M,0.49,2017-01-04
50271,Swansea City,Southampton FC,2017-01-31,2.0,1.0,F,england,Swansea City (Wales),Southampton FC (England),wales,england,WAL,ENG,Europe,Europe,Europe,national,,,,,,,,,,,,,,,,"7,099.15","7,118.48","7,162.53","7,099.15",983.51M,-0.27,2017-02-01
50296,Bayern Muenchen,Arsenal FC,2017-02-15,5.0,1.0,F,UEFA CL,Bayern Muenchen (Germany),Arsenal FC (England),germany,england,DE,ENG,Europe,Europe,Europe,international,,,,,,,,,,,,,,,,"7,302.41","7,268.56","7,313.44","7,268.56",738.32M,0.47,2017-02-16
50297,KAA Gent,Tottenham Hotspur,2017-02-16,1.0,0.0,F,UEFA EL,KAA Gent (Belgium),Tottenham Hotspur (England),belgium,england,BE,ENG,Europe,Europe,Europe,international,,,,,,,,,,,,,,,,"7,277.92","7,302.41","7,302.41","7,260.74",705.21M,-0.34,2017-02-17
50300,Sevilla FC,Leicester City,2017-02-22,2.0,1.0,F,UEFA CL,Sevilla FC (Spain),Leicester City (England),spain,england,ES,ENG,Europe,Europe,Europe,international,,,,,,,,,,,,,,,,"7,302.25","7,274.83","7,314.26","7,274.71",1.18B,0.38,2017-02-23
50321,Arsenal FC,Bayern Muenchen,2017-03-07,1.0,5.0,F,UEFA CL,Arsenal FC (England),Bayern Muenchen (Germany),england,germany,ENG,DE,Europe,Europe,Europe,international,,,,,,,,,,,,,,,,"7,338.99","7,350.12","7,363.74","7,335.27",870.64M,-0.15,2017-03-08
50329,As Monaco,Manchester City,2017-03-15,3.0,1.0,F,UEFA CL,As Monaco (France),Manchester City (England),france,england,FR,ENG,Europe,Europe,Europe,international,,,,,,,,,,,,,,,,"7,368.64","7,357.85","7,383.33","7,357.58",845.71M,0.15,2017-03-16
50371,Atletico Madrid,Leicester City,2017-04-12,1.0,0.0,F,UEFA CL,Atletico Madrid (Spain),Leicester City (England),spain,england,ES,ENG,Europe,Europe,Europe,international,,,,,,,,,,,,,,,,"7,348.99","7,365.50","7,402.42","7,348.84",915.89M,-0.22,2017-04-13
50447,Real Madrid,Manchester United,2017-08-08,2.0,1.0,F,UEFA SC,Real Madrid (Spain),Manchester United (England),spain,england,ES,ENG,Europe,Europe,Europe,international,,,,,,,,,,,,,,,,"7,542.73","7,531.94","7,551.85","7,518.45",615.74M,0.14,2017-08-09
50497,Atalanta,Everton FC,2017-09-14,3.0,0.0,F,UEFA EL,Atalanta (Italy),Everton FC (England),italy,england,IT,ENG,Europe,Europe,Europe,international,,,,,,,,,,,,,,,,"7,295.39","7,379.70","7,390.70","7,287.73",1.26B,-1.14,2017-09-15
50552,Everton FC,Olympique Lyon,2017-10-19,1.0,2.0,F,UEFA EL,Everton FC (England),Olympique Lyon (France),england,france,ENG,FR,Europe,Europe,Europe,international,,,,,,,,,,,,,,,,"7,523.04","7,542.87","7,542.87","7,485.42",828.89M,-0.26,2017-10-20
50574,As Roma,Chelsea FC,2017-10-31,3.0,0.0,F,UEFA CL,As Roma (Italy),Chelsea FC (England),italy,england,IT,ENG,Europe,Europe,Europe,international,,,,,,,,,,,,,,,,"7,493.08","7,487.81","7,516.85","7,483.97",730.56M,0.07,2017-11-01
50578,Olympique Lyon,Everton FC,2017-11-02,3.0,0.0,F,UEFA EL,Olympique Lyon (France),Everton FC (England),france,england,FR,ENG,Europe,Europe,Europe,international,,,,,,,,,,,,,,,,"7,555.32","7,487.96","7,562.26","7,478.88",1.03B,0.9,2017-11-03
50604,FC Basel,Manchester United,2017-11-22,1.0,0.0,F,UEFA CL,FC Basel (Switzerland),Manchester United (England),switzerland,england,CH,ENG,Europe,Europe,Europe,international,,,,,,,,,,,,,,,,"7,419.02","7,411.34","7,460.91","7,410.38",859.39M,0.1,2017-11-23
50605,1 FC Koeln,Arsenal FC,2017-11-23,1.0,0.0,F,UEFA EL,1 FC Koeln (Germany),Arsenal FC (England),germany,england,DE,ENG,Europe,Europe,Europe,international,,,,,,,,,,,,,,,,"7,417.24","7,419.02","7,422.73","7,373.31",577.46M,-0.02,2017-11-24
50606,Everton FC,Atalanta,2017-11-23,1.0,5.0,F,UEFA EL,Everton FC (England),Atalanta (Italy),england,italy,ENG,IT,Europe,Europe,Europe,international,,,,,,,,,,,,,,,,"7,417.24","7,419.02","7,422.73","7,373.31",577.46M,-0.02,2017-11-24
50640,Shakhtar Donetsk,Manchester City,2017-12-06,2.0,1.0,F,UEFA CL,Shakhtar Donetsk (Ukraine),Manchester City (England),ukraine,england,UA,ENG,Europe,Europe,Europe,international,,,,,,,,,,,,,,,,"7,348.03","7,327.50","7,369.71","7,289.36",692.98M,0.28,2017-12-07
50733,Swansea City,Liverpool FC,2018-01-22,1.0,0.0,F,england,Swansea City (Wales),Liverpool FC (England),wales,england,WAL,ENG,Europe,Europe,Europe,national,,,,,,,,,,,,,,,,"7,715.44","7,730.79","7,739.35","7,703.67",752.61M,-0.2,2018-01-23
50734,Swansea City,Arsenal FC,2018-01-30,3.0,1.0,F,england,Swansea City (Wales),Arsenal FC (England),wales,england,WAL,ENG,Europe,Europe,Europe,national,,,,,,,,,,,,,,,,"7,587.98","7,671.53","7,671.67","7,587.12",823.71M,-1.09,2018-01-31
50770,Arsenal FC,Oestersunds FK,2018-02-22,1.0,2.0,F,UEFA EL,Arsenal FC (England),Oestersunds FK (Sweden),england,sweden,ENG,SE,Europe,Europe,Europe,international,,,,,,,,,,,,,,,,"7,252.39","7,281.57","7,281.57","7,187.76",952.98M,-0.4,2018-02-23
50792,Tottenham Hotspur,Juventus,2018-03-07,1.0,2.0,F,UEFA CL,Tottenham Hotspur (England),Juventus (Italy),england,italy,ENG,IT,Europe,Europe,Europe,international,,,,,,,,,,,,,,,,"7,157.84","7,146.75","7,180.71","7,109.56",889.06M,0.16,2018-03-08
50793,Manchester City,FC Basel,2018-03-07,1.0,2.0,F,UEFA CL,Manchester City (England),FC Basel (Switzerland),england,switzerland,ENG,CH,Europe,Europe,Europe,international,,,,,,,,,,,,,,,,"7,157.84","7,146.75","7,180.71","7,109.56",889.06M,0.16,2018-03-08
50805,Manchester United,Sevilla FC,2018-03-13,1.0,2.0,F,UEFA CL,Manchester United (England),Sevilla FC (Spain),england,spain,ENG,ES,Europe,Europe,Europe,international,,,,,,,,,,,,,,,,"7,138.78","7,214.76","7,224.13","7,125.60",790.45M,-1.05,2018-03-14
50806,FC Barcelona,Chelsea FC,2018-03-14,3.0,0.0,F,UEFA CL,FC Barcelona (Spain),Chelsea FC (England),spain,england,ES,ENG,Europe,Europe,Europe,international,,,,,,,,,,,,,,,,"7,132.69","7,138.78","7,176.51","7,122.76",775.44M,-0.09,2018-03-15
50868,As Roma,Liverpool FC,2018-05-02,4.0,2.0,F,UEFA CL,As Roma (Italy),Liverpool FC (England),italy,england,IT,ENG,Europe,Europe,Europe,international,,,,,,,,,,,,,,,,"7,543.20","7,520.36","7,572.98","7,519.62",855.11M,0.3,2018-05-03
50869,Atletico Madrid,Arsenal FC,2018-05-03,1.0,0.0,F,UEFA EL,Atletico Madrid (Spain),Arsenal FC (England),spain,england,ES,ENG,Europe,Europe,Europe,international,,,,,,,,,,,,,,,,"7,502.69","7,543.20","7,555.18","7,492.39",745.26M,-0.54,2018-05-04
50921,Olympiakos Piraeus,Burnley FC,2018-08-23,3.0,1.0,F,UEFA EL,Olympiakos Piraeus (Greece),Burnley FC (England),greece,england,GR,ENG,Europe,Europe,Europe,international,,,,,,,,,,,,,,,,"7,563.22","7,574.24","7,602.10","7,560.85",592.64M,-0.15,2018-08-24
50953,Inter,Tottenham Hotspur,2018-09-18,2.0,1.0,F,UEFA CL,Inter (Italy),Tottenham Hotspur (England),italy,england,IT,ENG,Europe,Europe,Europe,international,,,,,,,,,,,,,,,,"7,300.23","7,302.10","7,320.07","7,281.98",722.03M,-0.03,2018-09-19
50955,Manchester City,Olympique Lyon,2018-09-19,1.0,2.0,F,UEFA CL,Manchester City (England),Olympique Lyon (France),england,france,ENG,FR,Europe,Europe,Europe,international,,,,,,,,,,,,,,,,"7,331.12","7,300.23","7,346.11","7,279.92",785.95M,0.42,2018-09-20
50981,Tottenham Hotspur,FC Barcelona,2018-10-03,2.0,4.0,F,UEFA CL,Tottenham Hotspur (England),FC Barcelona (Spain),england,spain,ENG,ES,Europe,Europe,Europe,international,,,,,,,,,,,,,,,,"7,510.28","7,474.55","7,524.06","7,474.55",849.12M,0.48,2018-10-04
50982,Ssc Napoli,Liverpool FC,2018-10-03,1.0,0.0,F,UEFA CL,Ssc Napoli (Italy),Liverpool FC (England),italy,england,IT,ENG,Europe,Europe,Europe,international,,,,,,,,,,,,,,,,"7,510.28","7,474.55","7,524.06","7,474.55",849.12M,0.48,2018-10-04
51006,Manchester United,Juventus,2018-10-23,0.0,1.0,F,UEFA CL,Manchester United (England),Juventus (Italy),england,italy,ENG,IT,Europe,Europe,Europe,international,,,,,,,,,,,,,,,,"6,955.21","7,042.80","7,042.80","6,928.65",1.01B,-1.24,2018-10-24
51031,Red Star Belgrade,Liverpool FC,2018-11-06,2.0,0.0,F,UEFA CL,Red Star Belgrade (Serbia),Liverpool FC (England),serbia,england,RS,ENG,Europe,Europe,Europe,international,,,,,,,,,,,,,,,,"7,040.68","7,103.84","7,117.50","7,027.45",666.52M,-0.89,2018-11-07
51060,Paris Saint Germain,Liverpool FC,2018-11-28,2.0,1.0,F,UEFA CL,Paris Saint Germain (France),Liverpool FC (England),france,england,FR,ENG,Europe,Europe,Europe,international,,,,,,,,,,,,,,,,"7,004.52","7,016.85","7,057.03","6,987.25",825.36M,-0.18,2018-11-29
51063,Cardiff City,Wolverhampton Wanderers,2018-11-30,2.0,1.0,F,england,Cardiff City (Wales),Wolverhampton Wanderers (England),wales,england,WAL,ENG,Europe,Europe,Europe,national,,,,,,,,,,,,,,,,"6,980.24","7,038.95","7,042.07","6,965.60",1.22B,-0.83,2018-12-01
51096,Valencia CF,Manchester United,2018-12-12,2.0,1.0,F,UEFA CL,Valencia CF (Spain),Manchester United (England),spain,england,ES,ENG,Europe,Europe,Europe,international,,,,,,,,,,,,,,,,"6,880.19","6,806.94","6,902.19","6,806.94",1.10B,1.08,2018-12-13
51200,Manchester United,Paris Saint Germain,2019-02-12,0.0,2.0,F,UEFA CL,Manchester United (England),Paris Saint Germain (France),england,france,ENG,FR,Europe,Europe,Europe,international,,,,,,,,,,,,,,,,"7,133.14","7,129.11","7,168.61","7,121.72",542.97M,0.06,2019-02-13
51202,Bate Borisov,Arsenal FC,2019-02-14,1.0,0.0,F,UEFA EL,Bate Borisov (Belarus),Arsenal FC (England),belarus,england,BY,ENG,Europe,Europe,Europe,international,,,,,,,,,,,,,,,,"7,197.01","7,190.84","7,232.83","7,183.01",535.04M,0.09,2019-02-15
51238,Stade Rennes,Arsenal FC,2019-03-07,3.0,1.0,F,UEFA EL,Stade Rennes (France),Arsenal FC (England),france,england,FR,ENG,Europe,Europe,Europe,international,,,,,,,,,,,,,,,,"7,157.55","7,196.00","7,196.00","7,126.57",712.68M,-0.53,2019-03-08
51282,Manchester United,FC Barcelona,2019-04-10,0.0,1.0,F,UEFA CL,Manchester United (England),FC Barcelona (Spain),england,spain,ENG,ES,Europe,Europe,Europe,international,,,,,,,,,,,,,,,,"7,421.91","7,425.57","7,441.36","7,409.39",587.36M,-0.05,2019-04-11
51295,Brighton Hove Albion,Cardiff City,2019-04-16,0.0,2.0,F,england,Brighton Hove Albion (England),Cardiff City (Wales),england,wales,ENG,WAL,Europe,Europe,Europe,national,,,,,,,,,,,,,,,,"7,469.92","7,436.87","7,485.93","7,436.87",642.95M,0.44,2019-04-17
51296,FC Barcelona,Manchester United,2019-04-16,3.0,0.0,F,UEFA CL,FC Barcelona (Spain),Manchester United (England),spain,england,ES,ENG,Europe,Europe,Europe,international,,,,,,,,,,,,,,,,"7,469.92","7,436.87","7,485.93","7,436.87",642.95M,0.44,2019-04-17
51325,Tottenham Hotspur,AFC Ajax,2019-04-30,0.0,1.0,F,UEFA CL,Tottenham Hotspur (England),AFC Ajax (Netherlands),england,netherlands,ENG,NL,Europe,Europe,Europe,international,,,,,,,,,,,,,,,,"7,418.22","7,440.66","7,451.32","7,394.07",774.32M,-0.3,2019-05-01
51326,FC Barcelona,Liverpool FC,2019-05-01,3.0,0.0,F,UEFA CL,FC Barcelona (Spain),Liverpool FC (England),spain,england,ES,ENG,Europe,Europe,Europe,international,,,,,,,,,,,,,,,,"7,385.26","7,418.22","7,446.46","7,379.65",347.13M,-0.44,2019-05-02
